<?xml version="1.0" encoding="UTF-8"?>
<metadata xml:lang="es"><Esri><CreaDate>20250902</CreaDate><CreaTime>21545700</CreaTime><ArcGISFormat>1.0</ArcGISFormat><SyncOnce>TRUE</SyncOnce><DataProperties><lineage><Process ToolSource="c:\program files (x86)\arcgis\desktop10.8\ArcToolbox\Toolboxes\Data Management Tools.tbx\DeleteField" Date="20250902" Time="215457">DeleteField Lote X;Y;D_X;D_Y;X_RANGO;Y_RANGO</Process><Process ToolSource="c:\program files (x86)\arcgis\desktop10.8\ArcToolbox\Toolboxes\Data Management Tools.tbx\CalculateField" Date="20250902" Time="215529">CalculateField Lote ID_LOTE autoIncrement() PYTHON_9.3 "rec=0 
def autoIncrement(): 
 global rec 
 pStart = 1  
 pInterval = 1 
 if (rec == 0):  
  rec = pStart  
 else:  
  rec += pInterval  
 return rec
"</Process></lineage></DataProperties></Esri></metadata>
