<?xml version="1.0" encoding="UTF-8"?>
<metadata xml:lang="es"><Esri><CreaDate>20250902</CreaDate><CreaTime>21532100</CreaTime><ArcGISFormat>1.0</ArcGISFormat><SyncOnce>TRUE</SyncOnce><DataProperties><lineage><Process ToolSource="c:\program files (x86)\arcgis\desktop10.3\ArcToolbox\Toolboxes\Data Management Tools.tbx\DeleteRows" Date="20170810" Time="161724">DeleteRows CPV_SEGMENTACION_GDB.SDE.TB_MANZANA</Process><Process ToolSource="c:\program files (x86)\arcgis\desktop10.3\ArcToolbox\Toolboxes\Data Management Tools.tbx\Append" Date="20170810" Time="162013">Append MZ_SEUDOCODIGO_TACNA CPV_SEGMENTACION_GDB.SDE.TB_MANZANA NO_TEST "UBIGEO "UBIGEO" true true false 6 Text 0 0 ,First,#,MZ_SEUDOCODIGO_TACNA,UBIGEO,-1,-1;CODCCPP "CODCCPP" true true false 4 Text 0 0 ,First,#,MZ_SEUDOCODIGO_TACNA,CODCCPP,-1,-1;ZONA "ZONA" true true false 5 Text 0 0 ,First,#,MZ_SEUDOCODIGO_TACNA,ZONA,-1,-1;MANZANA "MANZANA" true true false 4 Text 0 0 ,First,#,MZ_SEUDOCODIGO_TACNA,MANZANA,-1,-1;VIV_MZ "VIV_MZ" true true false 4 Long 0 10 ,First,#,MZ_SEUDOCODIGO_TACNA,VIV_MZ,-1,-1;xCentroid "xCentroid" true true false 8 Double 11 18 ,First,#,MZ_SEUDOCODIGO_TACNA,xCentroid,-1,-1;yCentroid "yCentroid" true true false 8 Double 11 18 ,First,#,MZ_SEUDOCODIGO_TACNA,yCentroid,-1,-1;cant_aeus "cant_aeus" true true false 4 Long 0 10 ,First,#,MZ_SEUDOCODIGO_TACNA,cant_aeus,-1,-1;AEU "AEU" true true false 4 Long 0 10 ,First,#,MZ_SEUDOCODIGO_TACNA,AEU,-1,-1;LLAVE_MZS "LLAVE_MZS" true true false 20 Text 0 0 ,First,#,MZ_SEUDOCODIGO_TACNA,LLAVE_MZS,-1,-1;FALSO_COD "FALSO_COD" true true false 4 Long 0 10 ,First,#,MZ_SEUDOCODIGO_TACNA,FALSO_COD,-1,-1;MZS_COND "MZS_COND" true true false 4 Long 0 10 ,First,#,MZ_SEUDOCODIGO_TACNA,MZS_COND,-1,-1;CANT_BLOCK "CANT_BLOCK" true true false 4 Long 0 10 ,First,#,MZ_SEUDOCODIGO_TACNA,CANT_BLOCK,-1,-1;FEC_CARGA "FEC_CARGA" true true false 36 Date 0 0 ,First,#;FLAG_DESAS "FLAG_DESAS" true true false 4 Long 0 10 ,First,#;COD_DESAS "COD_DESAS" true true false 4 Long 0 10 ,First,#;IDMANZANA "IDMANZANA" true true false 15 Text 0 0 ,First,#;FLAG_DESAS_2 "FLAG_DESAS_2" true true false 4 Long 0 10 ,First,#;FECHA_CARGA "FECHA_CARGA" true true false 36 Date 0 0 ,First,#;GlobalID "GlobalID" false false false 38 GlobalID 0 0 ,First,#;created_user "created_user" false true false 255 Text 0 0 ,First,#;created_date "created_date" false true false 36 Date 0 0 ,First,#;last_edited_user "last_edited_user" false true false 255 Text 0 0 ,First,#;last_edited_date "last_edited_date" false true false 36 Date 0 0 ,First,#;Shape.STArea() "Shape.STArea()" false false true 0 Double 0 0 ,First,#;Shape.STLength() "Shape.STLength()" false false true 0 Double 0 0 ,First,#" #</Process><Process ToolSource="c:\program files (x86)\arcgis\desktop10.3\ArcToolbox\Toolboxes\Data Management Tools.tbx\DeleteRows" Date="20170811" Time="114455">DeleteRows CPV_SEGMENTACION_GDB.SDE.TB_MANZANA</Process><Process ToolSource="c:\program files (x86)\arcgis\desktop10.3\ArcToolbox\Toolboxes\Data Management Tools.tbx\Append" Date="20170811" Time="115701">Append manzanas_observados CPV_SEGMENTACION_GDB.SDE.TB_MANZANA NO_TEST "UBIGEO "UBIGEO" true true false 6 Text 0 0 ,First,#,manzanas_observados,UBIGEO,-1,-1;CODCCPP "CODCCPP" true true false 4 Text 0 0 ,First,#,manzanas_observados,CODCCPP,-1,-1;ZONA "ZONA" true true false 5 Text 0 0 ,First,#,manzanas_observados,ZONA,-1,-1;MANZANA "MANZANA" true true false 4 Text 0 0 ,First,#,manzanas_observados,MANZANA,-1,-1;VIV_MZ "VIV_MZ" true true false 4 Long 0 10 ,First,#,manzanas_observados,VIV_MZ,-1,-1;xCentroid "xCentroid" true true false 8 Double 11 18 ,First,#,manzanas_observados,xCentroid,-1,-1;yCentroid "yCentroid" true true false 8 Double 11 18 ,First,#,manzanas_observados,yCentroid,-1,-1;cant_aeus "cant_aeus" true true false 4 Long 0 10 ,First,#,manzanas_observados,cant_aeus,-1,-1;AEU "AEU" true true false 4 Long 0 10 ,First,#,manzanas_observados,AEU,-1,-1;LLAVE_MZS "LLAVE_MZS" true true false 20 Text 0 0 ,First,#,manzanas_observados,LLAVE_MZS,-1,-1;FALSO_COD "FALSO_COD" true true false 4 Long 0 10 ,First,#,manzanas_observados,FALSO_COD,-1,-1;MZS_COND "MZS_COND" true true false 4 Long 0 10 ,First,#,manzanas_observados,MZS_COND,-1,-1;CANT_BLOCK "CANT_BLOCK" true true false 4 Long 0 10 ,First,#,manzanas_observados,CANT_BLOCK,-1,-1;FEC_CARGA "FEC_CARGA" true true false 36 Date 0 0 ,First,#,manzanas_observados,FEC_CARGA,-1,-1;FLAG_DESAS "FLAG_DESAS" true true false 4 Long 0 10 ,First,#,manzanas_observados,FLAG_DESAS,-1,-1;COD_DESAS "COD_DESAS" true true false 4 Long 0 10 ,First,#,manzanas_observados,COD_DESAS,-1,-1;IDMANZANA "IDMANZANA" true true false 15 Text 0 0 ,First,#,manzanas_observados,IDMANZANA,-1,-1;FLAG_DESAS_2 "FLAG_DESAS_2" true true false 4 Long 0 10 ,First,#;FECHA_CARGA "FECHA_CARGA" true true false 36 Date 0 0 ,First,#;GlobalID "GlobalID" false false false 38 GlobalID 0 0 ,First,#;created_user "created_user" false true false 255 Text 0 0 ,First,#;created_date "created_date" false true false 36 Date 0 0 ,First,#;last_edited_user "last_edited_user" false true false 255 Text 0 0 ,First,#;last_edited_date "last_edited_date" false true false 36 Date 0 0 ,First,#;Shape.STArea() "Shape.STArea()" false false true 0 Double 0 0 ,First,#;Shape.STLength() "Shape.STLength()" false false true 0 Double 0 0 ,First,#" #</Process><Process ToolSource="c:\program files (x86)\arcgis\desktop10.3\ArcToolbox\Toolboxes\Data Management Tools.tbx\DeleteRows" Date="20170811" Time="194148">DeleteRows CPV_SEGMENTACION_GDB.SDE.TB_MANZANA</Process><Process ToolSource="c:\program files (x86)\arcgis\desktop10.3\ArcToolbox\Toolboxes\Data Management Tools.tbx\Append" Date="20170811" Time="194411">Append MZ_SEUDOCODIGO_PIURA CPV_SEGMENTACION_GDB.SDE.TB_MANZANA NO_TEST "UBIGEO "UBIGEO" true true false 6 Text 0 0 ,First,#,MZ_SEUDOCODIGO_PIURA,UBIGEO,-1,-1;CODCCPP "CODCCPP" true true false 4 Text 0 0 ,First,#,MZ_SEUDOCODIGO_PIURA,CODCCPP,-1,-1;ZONA "ZONA" true true false 5 Text 0 0 ,First,#,MZ_SEUDOCODIGO_PIURA,ZONA,-1,-1;MANZANA "MANZANA" true true false 4 Text 0 0 ,First,#,MZ_SEUDOCODIGO_PIURA,MANZANA,-1,-1;VIV_MZ "VIV_MZ" true true false 4 Long 0 10 ,First,#,MZ_SEUDOCODIGO_PIURA,VIV_MZ,-1,-1;xCentroid "xCentroid" true true false 8 Double 11 18 ,First,#,MZ_SEUDOCODIGO_PIURA,xCentroid,-1,-1;yCentroid "yCentroid" true true false 8 Double 11 18 ,First,#,MZ_SEUDOCODIGO_PIURA,yCentroid,-1,-1;cant_aeus "cant_aeus" true true false 4 Long 0 10 ,First,#,MZ_SEUDOCODIGO_PIURA,cant_aeus,-1,-1;AEU "AEU" true true false 4 Long 0 10 ,First,#,MZ_SEUDOCODIGO_PIURA,AEU,-1,-1;LLAVE_MZS "LLAVE_MZS" true true false 20 Text 0 0 ,First,#,MZ_SEUDOCODIGO_PIURA,LLAVE_MZS,-1,-1;FALSO_COD "FALSO_COD" true true false 4 Long 0 10 ,First,#,MZ_SEUDOCODIGO_PIURA,FALSO_COD,-1,-1;MZS_COND "MZS_COND" true true false 4 Long 0 10 ,First,#,MZ_SEUDOCODIGO_PIURA,MZS_COND,-1,-1;CANT_BLOCK "CANT_BLOCK" true true false 4 Long 0 10 ,First,#,MZ_SEUDOCODIGO_PIURA,CANT_BLOCK,-1,-1;FEC_CARGA "FEC_CARGA" true true false 36 Date 0 0 ,First,#;FLAG_DESAS "FLAG_DESAS" true true false 4 Long 0 10 ,First,#;COD_DESAS "COD_DESAS" true true false 4 Long 0 10 ,First,#;IDMANZANA "IDMANZANA" true true false 15 Text 0 0 ,First,#;FLAG_DESAS_2 "FLAG_DESAS_2" true true false 4 Long 0 10 ,First,#;FECHA_CARGA "FECHA_CARGA" true true false 36 Date 0 0 ,First,#;GlobalID "GlobalID" false false false 38 GlobalID 0 0 ,First,#;created_user "created_user" false true false 255 Text 0 0 ,First,#;created_date "created_date" false true false 36 Date 0 0 ,First,#;last_edited_user "last_edited_user" false true false 255 Text 0 0 ,First,#;last_edited_date "last_edited_date" false true false 36 Date 0 0 ,First,#;Shape.STArea() "Shape.STArea()" false false true 0 Double 0 0 ,First,#;Shape.STLength() "Shape.STLength()" false false true 0 Double 0 0 ,First,#" #</Process><Process ToolSource="c:\program files (x86)\arcgis\desktop10.3\ArcToolbox\Toolboxes\Data Management Tools.tbx\CalculateField" Date="20170814" Time="114239">CalculateField CPV_SEGMENTACION_GDB.SDE.TB_MANZANA LLAVE_MZS "[UBIGEO] &amp; [CODCCPP] &amp; [ZONA] &amp; [MANZANA]" VB #</Process><Process ToolSource="c:\program files (x86)\arcgis\desktop10.3\ArcToolbox\Toolboxes\Data Management Tools.tbx\DeleteRows" Date="20170814" Time="140050">DeleteRows CPV_SEGMENTACION_GDB.SDE.TB_MANZANA</Process><Process ToolSource="c:\program files (x86)\arcgis\desktop10.3\ArcToolbox\Toolboxes\Data Management Tools.tbx\Append" Date="20170814" Time="140509">Append MZ_SEUDOCODIGO_ANCASH_1 CPV_SEGMENTACION_GDB.SDE.TB_MANZANA NO_TEST "UBIGEO "UBIGEO" true true false 6 Text 0 0 ,First,#,MZ_SEUDOCODIGO_ANCASH_1,UBIGEO,-1,-1;CODCCPP "CODCCPP" true true false 4 Text 0 0 ,First,#,MZ_SEUDOCODIGO_ANCASH_1,CODCCPP,-1,-1;ZONA "ZONA" true true false 5 Text 0 0 ,First,#,MZ_SEUDOCODIGO_ANCASH_1,ZONA,-1,-1;MANZANA "MANZANA" true true false 4 Text 0 0 ,First,#,MZ_SEUDOCODIGO_ANCASH_1,MANZANA,-1,-1;VIV_MZ "VIV_MZ" true true false 4 Long 0 10 ,First,#,MZ_SEUDOCODIGO_ANCASH_1,VIV_MZ,-1,-1;xCentroid "xCentroid" true true false 8 Double 11 18 ,First,#,MZ_SEUDOCODIGO_ANCASH_1,xCentroid,-1,-1;yCentroid "yCentroid" true true false 8 Double 11 18 ,First,#,MZ_SEUDOCODIGO_ANCASH_1,yCentroid,-1,-1;cant_aeus "cant_aeus" true true false 4 Long 0 10 ,First,#,MZ_SEUDOCODIGO_ANCASH_1,cant_aeus,-1,-1;AEU "AEU" true true false 4 Long 0 10 ,First,#,MZ_SEUDOCODIGO_ANCASH_1,AEU,-1,-1;LLAVE_MZS "LLAVE_MZS" true true false 20 Text 0 0 ,First,#,MZ_SEUDOCODIGO_ANCASH_1,LLAVE_MZS,-1,-1;FALSO_COD "FALSO_COD" true true false 4 Long 0 10 ,First,#,MZ_SEUDOCODIGO_ANCASH_1,FALSO_COD,-1,-1;MZS_COND "MZS_COND" true true false 4 Long 0 10 ,First,#,MZ_SEUDOCODIGO_ANCASH_1,MZS_COND,-1,-1;CANT_BLOCK "CANT_BLOCK" true true false 4 Long 0 10 ,First,#,MZ_SEUDOCODIGO_ANCASH_1,CANT_BLOCK,-1,-1;FEC_CARGA "FEC_CARGA" true true false 36 Date 0 0 ,First,#;FLAG_DESAS "FLAG_DESAS" true true false 4 Long 0 10 ,First,#;COD_DESAS "COD_DESAS" true true false 4 Long 0 10 ,First,#;IDMANZANA "IDMANZANA" true true false 15 Text 0 0 ,First,#;FLAG_DESAS_2 "FLAG_DESAS_2" true true false 4 Long 0 10 ,First,#;FECHA_CARGA "FECHA_CARGA" true true false 36 Date 0 0 ,First,#;GlobalID "GlobalID" false false false 38 GlobalID 0 0 ,First,#;created_user "created_user" false true false 255 Text 0 0 ,First,#;created_date "created_date" false true false 36 Date 0 0 ,First,#;last_edited_user "last_edited_user" false true false 255 Text 0 0 ,First,#;last_edited_date "last_edited_date" false true false 36 Date 0 0 ,First,#;Shape.STArea() "Shape.STArea()" false false true 0 Double 0 0 ,First,#;Shape.STLength() "Shape.STLength()" false false true 0 Double 0 0 ,First,#" #</Process><Process ToolSource="c:\program files (x86)\arcgis\desktop10.3\ArcToolbox\Toolboxes\Data Management Tools.tbx\DeleteRows" Date="20170816" Time="152457">DeleteRows CPV_SEGMENTACION_GDB.SDE.TB_MANZANA</Process><Process ToolSource="c:\program files (x86)\arcgis\desktop10.3\ArcToolbox\Toolboxes\Data Management Tools.tbx\Append" Date="20170816" Time="152735">Append MZ_SEUDOCODIGO_ICA CPV_SEGMENTACION_GDB.SDE.TB_MANZANA NO_TEST "UBIGEO "UBIGEO" true true false 6 Text 0 0 ,First,#,MZ_SEUDOCODIGO_ICA,UBIGEO,-1,-1;CODCCPP "CODCCPP" true true false 4 Text 0 0 ,First,#,MZ_SEUDOCODIGO_ICA,CODCCPP,-1,-1;ZONA "ZONA" true true false 5 Text 0 0 ,First,#,MZ_SEUDOCODIGO_ICA,ZONA,-1,-1;MANZANA "MANZANA" true true false 4 Text 0 0 ,First,#,MZ_SEUDOCODIGO_ICA,MANZANA,-1,-1;VIV_MZ "VIV_MZ" true true false 4 Long 0 10 ,First,#,MZ_SEUDOCODIGO_ICA,VIV_MZ,-1,-1;xCentroid "xCentroid" true true false 8 Double 11 18 ,First,#,MZ_SEUDOCODIGO_ICA,xCentroid,-1,-1;yCentroid "yCentroid" true true false 8 Double 11 18 ,First,#,MZ_SEUDOCODIGO_ICA,yCentroid,-1,-1;cant_aeus "cant_aeus" true true false 4 Long 0 10 ,First,#,MZ_SEUDOCODIGO_ICA,cant_aeus,-1,-1;AEU "AEU" true true false 4 Long 0 10 ,First,#,MZ_SEUDOCODIGO_ICA,AEU,-1,-1;LLAVE_MZS "LLAVE_MZS" true true false 20 Text 0 0 ,First,#,MZ_SEUDOCODIGO_ICA,LLAVE_MZS,-1,-1;FALSO_COD "FALSO_COD" true true false 4 Long 0 10 ,First,#,MZ_SEUDOCODIGO_ICA,FALSO_COD,-1,-1;MZS_COND "MZS_COND" true true false 4 Long 0 10 ,First,#,MZ_SEUDOCODIGO_ICA,MZS_COND,-1,-1;CANT_BLOCK "CANT_BLOCK" true true false 4 Long 0 10 ,First,#,MZ_SEUDOCODIGO_ICA,CANT_BLOCK,-1,-1;FEC_CARGA "FEC_CARGA" true true false 36 Date 0 0 ,First,#;FLAG_DESAS "FLAG_DESAS" true true false 4 Long 0 10 ,First,#;COD_DESAS "COD_DESAS" true true false 4 Long 0 10 ,First,#;IDMANZANA "IDMANZANA" true true false 15 Text 0 0 ,First,#;FLAG_DESAS_2 "FLAG_DESAS_2" true true false 4 Long 0 10 ,First,#;FECHA_CARGA "FECHA_CARGA" true true false 36 Date 0 0 ,First,#;GlobalID "GlobalID" false false false 38 GlobalID 0 0 ,First,#;created_user "created_user" false true false 255 Text 0 0 ,First,#;created_date "created_date" false true false 36 Date 0 0 ,First,#;last_edited_user "last_edited_user" false true false 255 Text 0 0 ,First,#;last_edited_date "last_edited_date" false true false 36 Date 0 0 ,First,#;Shape.STArea() "Shape.STArea()" false false true 0 Double 0 0 ,First,#;Shape.STLength() "Shape.STLength()" false false true 0 Double 0 0 ,First,#" #</Process><Process ToolSource="c:\program files (x86)\arcgis\desktop10.3\ArcToolbox\Toolboxes\Data Management Tools.tbx\Append" Date="20170816" Time="170255">Append MZ_SEUDOCODIGO_120403 CPV_SEGMENTACION_GDB.SDE.TB_MANZANA NO_TEST "UBIGEO "UBIGEO" true true false 6 Text 0 0 ,First,#,MZ_SEUDOCODIGO_120403,UBIGEO,-1,-1;CODCCPP "CODCCPP" true true false 4 Text 0 0 ,First,#,MZ_SEUDOCODIGO_120403,CODCCPP,-1,-1;ZONA "ZONA" true true false 5 Text 0 0 ,First,#,MZ_SEUDOCODIGO_120403,ZONA,-1,-1;MANZANA "MANZANA" true true false 4 Text 0 0 ,First,#,MZ_SEUDOCODIGO_120403,MANZANA,-1,-1;VIV_MZ "VIV_MZ" true true false 4 Long 0 10 ,First,#;xCentroid "xCentroid" true true false 8 Double 11 18 ,First,#;yCentroid "yCentroid" true true false 8 Double 11 18 ,First,#;cant_aeus "cant_aeus" true true false 4 Long 0 10 ,First,#;AEU "AEU" true true false 4 Long 0 10 ,First,#;LLAVE_MZS "LLAVE_MZS" true true false 20 Text 0 0 ,First,#,MZ_SEUDOCODIGO_120403,LLAVE_MZS,-1,-1;FALSO_COD "FALSO_COD" true true false 4 Long 0 10 ,First,#;MZS_COND "MZS_COND" true true false 4 Long 0 10 ,First,#;CANT_BLOCK "CANT_BLOCK" true true false 4 Long 0 10 ,First,#;FEC_CARGA "FEC_CARGA" true true false 36 Date 0 0 ,First,#;FLAG_DESAS "FLAG_DESAS" true true false 4 Long 0 10 ,First,#;COD_DESAS "COD_DESAS" true true false 4 Long 0 10 ,First,#;IDMANZANA "IDMANZANA" true true false 15 Text 0 0 ,First,#,MZ_SEUDOCODIGO_120403,IDMANZANA,-1,-1;FLAG_DESAS_2 "FLAG_DESAS_2" true true false 4 Long 0 10 ,First,#;FECHA_CARGA "FECHA_CARGA" true true false 36 Date 0 0 ,First,#;GlobalID "GlobalID" false false false 38 GlobalID 0 0 ,First,#;created_user "created_user" false true false 255 Text 0 0 ,First,#;created_date "created_date" false true false 36 Date 0 0 ,First,#;last_edited_user "last_edited_user" false true false 255 Text 0 0 ,First,#;last_edited_date "last_edited_date" false true false 36 Date 0 0 ,First,#;Shape.STArea() "Shape.STArea()" false false true 0 Double 0 0 ,First,#;Shape.STLength() "Shape.STLength()" false false true 0 Double 0 0 ,First,#" #</Process><Process ToolSource="c:\program files (x86)\arcgis\desktop10.3\ArcToolbox\Toolboxes\Data Management Tools.tbx\DeleteRows" Date="20170817" Time="172628">DeleteRows CPV_SEGMENTACION_GDB.SDE.TB_MANZANA</Process><Process ToolSource="c:\program files (x86)\arcgis\desktop10.3\ArcToolbox\Toolboxes\Data Management Tools.tbx\Append" Date="20170817" Time="172714">Append MZ_SEUDO_CODIGO_01_DISTRITO CPV_SEGMENTACION_GDB.SDE.TB_MANZANA NO_TEST "UBIGEO "UBIGEO" true true false 6 Text 0 0 ,First,#,MZ_SEUDO_CODIGO_01_DISTRITO,UBIGEO,-1,-1;CODCCPP "CODCCPP" true true false 4 Text 0 0 ,First,#,MZ_SEUDO_CODIGO_01_DISTRITO,CODCCPP,-1,-1;ZONA "ZONA" true true false 5 Text 0 0 ,First,#,MZ_SEUDO_CODIGO_01_DISTRITO,ZONA,-1,-1;MANZANA "MANZANA" true true false 4 Text 0 0 ,First,#,MZ_SEUDO_CODIGO_01_DISTRITO,MANZANA,-1,-1;VIV_MZ "VIV_MZ" true true false 4 Long 0 10 ,First,#;xCentroid "xCentroid" true true false 8 Double 11 18 ,First,#;yCentroid "yCentroid" true true false 8 Double 11 18 ,First,#;cant_aeus "cant_aeus" true true false 4 Long 0 10 ,First,#;AEU "AEU" true true false 4 Long 0 10 ,First,#;LLAVE_MZS "LLAVE_MZS" true true false 20 Text 0 0 ,First,#,MZ_SEUDO_CODIGO_01_DISTRITO,LLAVE_MZS,-1,-1;FALSO_COD "FALSO_COD" true true false 4 Long 0 10 ,First,#,MZ_SEUDO_CODIGO_01_DISTRITO,FALSO_COD,-1,-1;MZS_COND "MZS_COND" true true false 4 Long 0 10 ,First,#;CANT_BLOCK "CANT_BLOCK" true true false 4 Long 0 10 ,First,#;FEC_CARGA "FEC_CARGA" true true false 36 Date 0 0 ,First,#;FLAG_DESAS "FLAG_DESAS" true true false 4 Long 0 10 ,First,#;COD_DESAS "COD_DESAS" true true false 4 Long 0 10 ,First,#;IDMANZANA "IDMANZANA" true true false 15 Text 0 0 ,First,#;FLAG_DESAS_2 "FLAG_DESAS_2" true true false 4 Long 0 10 ,First,#;FECHA_CARGA "FECHA_CARGA" true true false 36 Date 0 0 ,First,#;GlobalID "GlobalID" false false false 38 GlobalID 0 0 ,First,#;created_user "created_user" false true false 255 Text 0 0 ,First,#;created_date "created_date" false true false 36 Date 0 0 ,First,#;last_edited_user "last_edited_user" false true false 255 Text 0 0 ,First,#;last_edited_date "last_edited_date" false true false 36 Date 0 0 ,First,#;Shape.STArea() "Shape.STArea()" false false true 0 Double 0 0 ,First,#;Shape.STLength() "Shape.STLength()" false false true 0 Double 0 0 ,First,#" #</Process><Process ToolSource="c:\program files (x86)\arcgis\desktop10.3\ArcToolbox\Toolboxes\Data Management Tools.tbx\DeleteRows" Date="20170817" Time="172836">DeleteRows CPV_SEGMENTACION_GDB.SDE.TB_MANZANA</Process><Process ToolSource="c:\program files (x86)\arcgis\desktop10.3\ArcToolbox\Toolboxes\Data Management Tools.tbx\Append" Date="20170817" Time="173124">Append MZ_SEUDO_CODIGO_01_DISTRITO CPV_SEGMENTACION_GDB.SDE.TB_MANZANA NO_TEST "UBIGEO "UBIGEO" true true false 6 Text 0 0 ,First,#,MZ_SEUDO_CODIGO_01_DISTRITO,UBIGEO,-1,-1;CODCCPP "CODCCPP" true true false 4 Text 0 0 ,First,#,MZ_SEUDO_CODIGO_01_DISTRITO,CODCCPP,-1,-1;ZONA "ZONA" true true false 5 Text 0 0 ,First,#,MZ_SEUDO_CODIGO_01_DISTRITO,ZONA,-1,-1;MANZANA "MANZANA" true true false 4 Text 0 0 ,First,#,MZ_SEUDO_CODIGO_01_DISTRITO,MANZANA,-1,-1;VIV_MZ "VIV_MZ" true true false 4 Long 0 10 ,First,#;xCentroid "xCentroid" true true false 8 Double 11 18 ,First,#;yCentroid "yCentroid" true true false 8 Double 11 18 ,First,#;cant_aeus "cant_aeus" true true false 4 Long 0 10 ,First,#;AEU "AEU" true true false 4 Long 0 10 ,First,#;LLAVE_MZS "LLAVE_MZS" true true false 20 Text 0 0 ,First,#,MZ_SEUDO_CODIGO_01_DISTRITO,LLAVE_MZS,-1,-1;FALSO_COD "FALSO_COD" true true false 4 Long 0 10 ,First,#,MZ_SEUDO_CODIGO_01_DISTRITO,FALSO_COD,-1,-1;MZS_COND "MZS_COND" true true false 4 Long 0 10 ,First,#;CANT_BLOCK "CANT_BLOCK" true true false 4 Long 0 10 ,First,#;FEC_CARGA "FEC_CARGA" true true false 36 Date 0 0 ,First,#;FLAG_DESAS "FLAG_DESAS" true true false 4 Long 0 10 ,First,#;COD_DESAS "COD_DESAS" true true false 4 Long 0 10 ,First,#;IDMANZANA "IDMANZANA" true true false 15 Text 0 0 ,First,#,MZ_SEUDO_CODIGO_01_DISTRITO,IDMANZANA,-1,-1;FLAG_DESAS_2 "FLAG_DESAS_2" true true false 4 Long 0 10 ,First,#;FECHA_CARGA "FECHA_CARGA" true true false 36 Date 0 0 ,First,#;GlobalID "GlobalID" false false false 38 GlobalID 0 0 ,First,#;created_user "created_user" false true false 255 Text 0 0 ,First,#;created_date "created_date" false true false 36 Date 0 0 ,First,#;last_edited_user "last_edited_user" false true false 255 Text 0 0 ,First,#;last_edited_date "last_edited_date" false true false 36 Date 0 0 ,First,#;Shape.STArea() "Shape.STArea()" false false true 0 Double 0 0 ,First,#;Shape.STLength() "Shape.STLength()" false false true 0 Double 0 0 ,First,#" #</Process><Process ToolSource="c:\program files (x86)\arcgis\desktop10.3\ArcToolbox\Toolboxes\Data Management Tools.tbx\Append" Date="20170817" Time="173951">Append MZ_SEUDO_CODIGO CPV_SEGMENTACION_GDB.SDE.TB_MANZANA NO_TEST "UBIGEO "UBIGEO" true true false 6 Text 0 0 ,First,#,MZ_SEUDO_CODIGO,UBIGEO,-1,-1;CODCCPP "CODCCPP" true true false 4 Text 0 0 ,First,#,MZ_SEUDO_CODIGO,CODCCPP,-1,-1;ZONA "ZONA" true true false 5 Text 0 0 ,First,#,MZ_SEUDO_CODIGO,ZONA,-1,-1;MANZANA "MANZANA" true true false 4 Text 0 0 ,First,#,MZ_SEUDO_CODIGO,MANZANA,-1,-1;VIV_MZ "VIV_MZ" true true false 4 Long 0 10 ,First,#;xCentroid "xCentroid" true true false 8 Double 11 18 ,First,#;yCentroid "yCentroid" true true false 8 Double 11 18 ,First,#;cant_aeus "cant_aeus" true true false 4 Long 0 10 ,First,#;AEU "AEU" true true false 4 Long 0 10 ,First,#;LLAVE_MZS "LLAVE_MZS" true true false 20 Text 0 0 ,First,#,MZ_SEUDO_CODIGO,LLAVE_MZS,-1,-1;FALSO_COD "FALSO_COD" true true false 4 Long 0 10 ,First,#,MZ_SEUDO_CODIGO,FALSO_COD,-1,-1;MZS_COND "MZS_COND" true true false 4 Long 0 10 ,First,#;CANT_BLOCK "CANT_BLOCK" true true false 4 Long 0 10 ,First,#;FEC_CARGA "FEC_CARGA" true true false 36 Date 0 0 ,First,#;FLAG_DESAS "FLAG_DESAS" true true false 4 Long 0 10 ,First,#;COD_DESAS "COD_DESAS" true true false 4 Long 0 10 ,First,#;IDMANZANA "IDMANZANA" true true false 15 Text 0 0 ,First,#,MZ_SEUDO_CODIGO,IDMANZANA,-1,-1;FLAG_DESAS_2 "FLAG_DESAS_2" true true false 4 Long 0 10 ,First,#;FECHA_CARGA "FECHA_CARGA" true true false 36 Date 0 0 ,First,#;GlobalID "GlobalID" false false false 38 GlobalID 0 0 ,First,#;created_user "created_user" false true false 255 Text 0 0 ,First,#;created_date "created_date" false true false 36 Date 0 0 ,First,#;last_edited_user "last_edited_user" false true false 255 Text 0 0 ,First,#;last_edited_date "last_edited_date" false true false 36 Date 0 0 ,First,#;Shape.STArea() "Shape.STArea()" false false true 0 Double 0 0 ,First,#;Shape.STLength() "Shape.STLength()" false false true 0 Double 0 0 ,First,#" #</Process><Process ToolSource="c:\program files (x86)\arcgis\desktop10.3\ArcToolbox\Toolboxes\Data Management Tools.tbx\DeleteRows" Date="20170817" Time="174313">DeleteRows CPV_SEGMENTACION_GDB.SDE.TB_MANZANA</Process><Process ToolSource="c:\program files (x86)\arcgis\desktop10.3\ArcToolbox\Toolboxes\Data Management Tools.tbx\Append" Date="20170817" Time="174441">Append MZ_SEUDO_CODIGO CPV_SEGMENTACION_GDB.SDE.TB_MANZANA NO_TEST "UBIGEO "UBIGEO" true true false 6 Text 0 0 ,First,#,MZ_SEUDO_CODIGO,UBIGEO,-1,-1;CODCCPP "CODCCPP" true true false 4 Text 0 0 ,First,#,MZ_SEUDO_CODIGO,CODCCPP,-1,-1;ZONA "ZONA" true true false 5 Text 0 0 ,First,#,MZ_SEUDO_CODIGO,ZONA,-1,-1;MANZANA "MANZANA" true true false 4 Text 0 0 ,First,#,MZ_SEUDO_CODIGO,MANZANA,-1,-1;VIV_MZ "VIV_MZ" true true false 4 Long 0 10 ,First,#;xCentroid "xCentroid" true true false 8 Double 11 18 ,First,#;yCentroid "yCentroid" true true false 8 Double 11 18 ,First,#;cant_aeus "cant_aeus" true true false 4 Long 0 10 ,First,#;AEU "AEU" true true false 4 Long 0 10 ,First,#;LLAVE_MZS "LLAVE_MZS" true true false 20 Text 0 0 ,First,#,MZ_SEUDO_CODIGO,LLAVE_MZS,-1,-1;FALSO_COD "FALSO_COD" true true false 4 Long 0 10 ,First,#,MZ_SEUDO_CODIGO,FALSO_COD,-1,-1;MZS_COND "MZS_COND" true true false 4 Long 0 10 ,First,#;CANT_BLOCK "CANT_BLOCK" true true false 4 Long 0 10 ,First,#;FEC_CARGA "FEC_CARGA" true true false 36 Date 0 0 ,First,#;FLAG_DESAS "FLAG_DESAS" true true false 4 Long 0 10 ,First,#;COD_DESAS "COD_DESAS" true true false 4 Long 0 10 ,First,#;IDMANZANA "IDMANZANA" true true false 15 Text 0 0 ,First,#,MZ_SEUDO_CODIGO,IDMANZANA,-1,-1;FLAG_DESAS_2 "FLAG_DESAS_2" true true false 4 Long 0 10 ,First,#;FECHA_CARGA "FECHA_CARGA" true true false 36 Date 0 0 ,First,#;GlobalID "GlobalID" false false false 38 GlobalID 0 0 ,First,#;created_user "created_user" false true false 255 Text 0 0 ,First,#;created_date "created_date" false true false 36 Date 0 0 ,First,#;last_edited_user "last_edited_user" false true false 255 Text 0 0 ,First,#;last_edited_date "last_edited_date" false true false 36 Date 0 0 ,First,#;Shape.STArea() "Shape.STArea()" false false true 0 Double 0 0 ,First,#;Shape.STLength() "Shape.STLength()" false false true 0 Double 0 0 ,First,#" #</Process><Process ToolSource="c:\program files (x86)\arcgis\desktop10.3\ArcToolbox\Toolboxes\Data Management Tools.tbx\DeleteRows" Date="20170818" Time="183848">DeleteRows CPV_SEGMENTACION_GDB.SDE.TB_MANZANA</Process><Process ToolSource="c:\program files (x86)\arcgis\desktop10.3\ArcToolbox\Toolboxes\Data Management Tools.tbx\Append" Date="20170818" Time="184000">Append MZ_SEUDCODIGO_LIMA CPV_SEGMENTACION_GDB.SDE.TB_MANZANA NO_TEST "UBIGEO "UBIGEO" true true false 6 Text 0 0 ,First,#,MZ_SEUDCODIGO_LIMA,UBIGEO,-1,-1;CODCCPP "CODCCPP" true true false 4 Text 0 0 ,First,#,MZ_SEUDCODIGO_LIMA,CODCCPP,-1,-1;ZONA "ZONA" true true false 5 Text 0 0 ,First,#,MZ_SEUDCODIGO_LIMA,ZONA,-1,-1;MANZANA "MANZANA" true true false 4 Text 0 0 ,First,#,MZ_SEUDCODIGO_LIMA,MANZANA,-1,-1;VIV_MZ "VIV_MZ" true true false 4 Long 0 10 ,First,#;xCentroid "xCentroid" true true false 8 Double 11 18 ,First,#;yCentroid "yCentroid" true true false 8 Double 11 18 ,First,#;cant_aeus "cant_aeus" true true false 4 Long 0 10 ,First,#;AEU "AEU" true true false 4 Long 0 10 ,First,#;LLAVE_MZS "LLAVE_MZS" true true false 20 Text 0 0 ,First,#,MZ_SEUDCODIGO_LIMA,LLAVE_MZS,-1,-1;FALSO_COD "FALSO_COD" true true false 4 Long 0 10 ,First,#,MZ_SEUDCODIGO_LIMA,FALSO_COD,-1,-1;MZS_COND "MZS_COND" true true false 4 Long 0 10 ,First,#;CANT_BLOCK "CANT_BLOCK" true true false 4 Long 0 10 ,First,#;FEC_CARGA "FEC_CARGA" true true false 36 Date 0 0 ,First,#;FLAG_DESAS "FLAG_DESAS" true true false 4 Long 0 10 ,First,#;COD_DESAS "COD_DESAS" true true false 4 Long 0 10 ,First,#;IDMANZANA "IDMANZANA" true true false 15 Text 0 0 ,First,#,MZ_SEUDCODIGO_LIMA,IDMANZANA,-1,-1;FLAG_DESAS_2 "FLAG_DESAS_2" true true false 4 Long 0 10 ,First,#;FECHA_CARGA "FECHA_CARGA" true true false 36 Date 0 0 ,First,#;GlobalID "GlobalID" false false false 38 GlobalID 0 0 ,First,#;created_user "created_user" false true false 255 Text 0 0 ,First,#;created_date "created_date" false true false 36 Date 0 0 ,First,#;last_edited_user "last_edited_user" false true false 255 Text 0 0 ,First,#;last_edited_date "last_edited_date" false true false 36 Date 0 0 ,First,#;Shape.STArea() "Shape.STArea()" false false true 0 Double 0 0 ,First,#;Shape.STLength() "Shape.STLength()" false false true 0 Double 0 0 ,First,#" #</Process><Process ToolSource="c:\program files (x86)\arcgis\desktop10.3\ArcToolbox\Toolboxes\Data Management Tools.tbx\Append" Date="20170821" Time="142550">Append Mz_sedo_602_603 CPV_SEGMENTACION_GDB.SDE.TB_MANZANA NO_TEST "UBIGEO "UBIGEO" true true false 6 Text 0 0 ,First,#,Mz_sedo_602_603,UBIGEO,-1,-1;CODCCPP "CODCCPP" true true false 4 Text 0 0 ,First,#,Mz_sedo_602_603,CODCCPP,-1,-1;ZONA "ZONA" true true false 5 Text 0 0 ,First,#,Mz_sedo_602_603,ZONA,-1,-1;MANZANA "MANZANA" true true false 4 Text 0 0 ,First,#,Mz_sedo_602_603,MANZANA,-1,-1;VIV_MZ "VIV_MZ" true true false 4 Long 0 10 ,First,#,Mz_sedo_602_603,VIV_MZ,-1,-1;xCentroid "xCentroid" true true false 8 Double 11 18 ,First,#,Mz_sedo_602_603,xCentroid,-1,-1;yCentroid "yCentroid" true true false 8 Double 11 18 ,First,#,Mz_sedo_602_603,yCentroid,-1,-1;cant_aeus "cant_aeus" true true false 4 Long 0 10 ,First,#,Mz_sedo_602_603,cant_aeus,-1,-1;AEU "AEU" true true false 4 Long 0 10 ,First,#,Mz_sedo_602_603,AEU,-1,-1;LLAVE_MZS "LLAVE_MZS" true true false 20 Text 0 0 ,First,#,Mz_sedo_602_603,LLAVE_MZS,-1,-1;FALSO_COD "FALSO_COD" true true false 4 Long 0 10 ,First,#,Mz_sedo_602_603,FALSO_COD,-1,-1;MZS_COND "MZS_COND" true true false 4 Long 0 10 ,First,#,Mz_sedo_602_603,MZS_COND,-1,-1;CANT_BLOCK "CANT_BLOCK" true true false 4 Long 0 10 ,First,#,Mz_sedo_602_603,CANT_BLOCK,-1,-1;FEC_CARGA "FEC_CARGA" true true false 36 Date 0 0 ,First,#;FLAG_DESAS "FLAG_DESAS" true true false 4 Long 0 10 ,First,#;COD_DESAS "COD_DESAS" true true false 4 Long 0 10 ,First,#;IDMANZANA "IDMANZANA" true true false 15 Text 0 0 ,First,#;FLAG_DESAS_2 "FLAG_DESAS_2" true true false 4 Long 0 10 ,First,#;FECHA_CARGA "FECHA_CARGA" true true false 36 Date 0 0 ,First,#;GlobalID "GlobalID" false false false 38 GlobalID 0 0 ,First,#;created_user "created_user" false true false 255 Text 0 0 ,First,#;created_date "created_date" false true false 36 Date 0 0 ,First,#;last_edited_user "last_edited_user" false true false 255 Text 0 0 ,First,#;last_edited_date "last_edited_date" false true false 36 Date 0 0 ,First,#;Shape.STArea() "Shape.STArea()" false false true 0 Double 0 0 ,First,#;Shape.STLength() "Shape.STLength()" false false true 0 Double 0 0 ,First,#" #</Process><Process ToolSource="c:\program files (x86)\arcgis\desktop10.3\ArcToolbox\Toolboxes\Data Management Tools.tbx\Append" Date="20170821" Time="161703">Append SEUDOCODIGO_051005_00400 CPV_SEGMENTACION_GDB.SDE.TB_MANZANA NO_TEST "UBIGEO "UBIGEO" true true false 6 Text 0 0 ,First,#,SEUDOCODIGO_051005_00400,UBIGEO,-1,-1;CODCCPP "CODCCPP" true true false 4 Text 0 0 ,First,#,SEUDOCODIGO_051005_00400,CODCCPP,-1,-1;ZONA "ZONA" true true false 5 Text 0 0 ,First,#,SEUDOCODIGO_051005_00400,ZONA,-1,-1;MANZANA "MANZANA" true true false 4 Text 0 0 ,First,#,SEUDOCODIGO_051005_00400,MANZANA,-1,-1;VIV_MZ "VIV_MZ" true true false 4 Long 0 10 ,First,#;xCentroid "xCentroid" true true false 8 Double 11 18 ,First,#;yCentroid "yCentroid" true true false 8 Double 11 18 ,First,#;cant_aeus "cant_aeus" true true false 4 Long 0 10 ,First,#;AEU "AEU" true true false 4 Long 0 10 ,First,#;LLAVE_MZS "LLAVE_MZS" true true false 20 Text 0 0 ,First,#,SEUDOCODIGO_051005_00400,LLAVE_MZS,-1,-1;FALSO_COD "FALSO_COD" true true false 4 Long 0 10 ,First,#,SEUDOCODIGO_051005_00400,FALSO_COD,-1,-1;MZS_COND "MZS_COND" true true false 4 Long 0 10 ,First,#;CANT_BLOCK "CANT_BLOCK" true true false 4 Long 0 10 ,First,#;FEC_CARGA "FEC_CARGA" true true false 36 Date 0 0 ,First,#;FLAG_DESAS "FLAG_DESAS" true true false 4 Long 0 10 ,First,#;COD_DESAS "COD_DESAS" true true false 4 Long 0 10 ,First,#;IDMANZANA "IDMANZANA" true true false 15 Text 0 0 ,First,#,SEUDOCODIGO_051005_00400,IDMANZANA,-1,-1;FLAG_DESAS_2 "FLAG_DESAS_2" true true false 4 Long 0 10 ,First,#;FECHA_CARGA "FECHA_CARGA" true true false 36 Date 0 0 ,First,#;GlobalID "GlobalID" false false false 38 GlobalID 0 0 ,First,#;created_user "created_user" false true false 255 Text 0 0 ,First,#;created_date "created_date" false true false 36 Date 0 0 ,First,#;last_edited_user "last_edited_user" false true false 255 Text 0 0 ,First,#;last_edited_date "last_edited_date" false true false 36 Date 0 0 ,First,#;Shape.STArea() "Shape.STArea()" false false true 0 Double 0 0 ,First,#;Shape.STLength() "Shape.STLength()" false false true 0 Double 0 0 ,First,#" #</Process><Process ToolSource="c:\program files (x86)\arcgis\desktop10.3\ArcToolbox\Toolboxes\Data Management Tools.tbx\DeleteRows" Date="20170821" Time="163726">DeleteRows CPV_SEGMENTACION_GDB.SDE.TB_MANZANA</Process><Process ToolSource="c:\program files (x86)\arcgis\desktop10.3\ArcToolbox\Toolboxes\Data Management Tools.tbx\Append" Date="20170821" Time="164339">Append mz_seudo_adicion CPV_SEGMENTACION_GDB.SDE.TB_MANZANA NO_TEST "UBIGEO "UBIGEO" true true false 6 Text 0 0 ,First,#,mz_seudo_adicion,UBIGEO,-1,-1;CODCCPP "CODCCPP" true true false 4 Text 0 0 ,First,#,mz_seudo_adicion,CODCCPP,-1,-1;ZONA "ZONA" true true false 5 Text 0 0 ,First,#,mz_seudo_adicion,ZONA,-1,-1;MANZANA "MANZANA" true true false 4 Text 0 0 ,First,#,mz_seudo_adicion,MANZANA,-1,-1;VIV_MZ "VIV_MZ" true true false 4 Long 0 10 ,First,#,mz_seudo_adicion,VIV_MZ,-1,-1;xCentroid "xCentroid" true true false 8 Double 11 18 ,First,#,mz_seudo_adicion,xCentroid,-1,-1;yCentroid "yCentroid" true true false 8 Double 11 18 ,First,#,mz_seudo_adicion,yCentroid,-1,-1;cant_aeus "cant_aeus" true true false 4 Long 0 10 ,First,#,mz_seudo_adicion,cant_aeus,-1,-1;AEU "AEU" true true false 4 Long 0 10 ,First,#,mz_seudo_adicion,AEU,-1,-1;LLAVE_MZS "LLAVE_MZS" true true false 20 Text 0 0 ,First,#,mz_seudo_adicion,LLAVE_MZS,-1,-1;FALSO_COD "FALSO_COD" true true false 4 Long 0 10 ,First,#,mz_seudo_adicion,FALSO_COD,-1,-1;MZS_COND "MZS_COND" true true false 4 Long 0 10 ,First,#,mz_seudo_adicion,MZS_COND,-1,-1;CANT_BLOCK "CANT_BLOCK" true true false 4 Long 0 10 ,First,#,mz_seudo_adicion,CANT_BLOCK,-1,-1;FEC_CARGA "FEC_CARGA" true true false 36 Date 0 0 ,First,#;FLAG_DESAS "FLAG_DESAS" true true false 4 Long 0 10 ,First,#;COD_DESAS "COD_DESAS" true true false 4 Long 0 10 ,First,#;IDMANZANA "IDMANZANA" true true false 15 Text 0 0 ,First,#;FLAG_DESAS_2 "FLAG_DESAS_2" true true false 4 Long 0 10 ,First,#;FECHA_CARGA "FECHA_CARGA" true true false 36 Date 0 0 ,First,#;GlobalID "GlobalID" false false false 38 GlobalID 0 0 ,First,#;created_user "created_user" false true false 255 Text 0 0 ,First,#;created_date "created_date" false true false 36 Date 0 0 ,First,#;last_edited_user "last_edited_user" false true false 255 Text 0 0 ,First,#;last_edited_date "last_edited_date" false true false 36 Date 0 0 ,First,#;Shape.STArea() "Shape.STArea()" false false true 0 Double 0 0 ,First,#;Shape.STLength() "Shape.STLength()" false false true 0 Double 0 0 ,First,#" #</Process><Process ToolSource="c:\program files (x86)\arcgis\desktop10.3\ArcToolbox\Toolboxes\Data Management Tools.tbx\Append" Date="20170821" Time="173746">Append MZ_090705 CPV_SEGMENTACION_GDB.SDE.TB_MANZANA NO_TEST "UBIGEO "UBIGEO" true true false 6 Text 0 0 ,First,#,MZ_090705,UBIGEO,-1,-1;CODCCPP "CODCCPP" true true false 4 Text 0 0 ,First,#,MZ_090705,CODCCPP,-1,-1;ZONA "ZONA" true true false 5 Text 0 0 ,First,#,MZ_090705,ZONA,-1,-1;MANZANA "MANZANA" true true false 4 Text 0 0 ,First,#,MZ_090705,MANZANA,-1,-1;VIV_MZ "VIV_MZ" true true false 4 Long 0 10 ,First,#,MZ_090705,VIV_MZ,-1,-1;xCentroid "xCentroid" true true false 8 Double 11 18 ,First,#,MZ_090705,xCentroid,-1,-1;yCentroid "yCentroid" true true false 8 Double 11 18 ,First,#,MZ_090705,yCentroid,-1,-1;cant_aeus "cant_aeus" true true false 4 Long 0 10 ,First,#,MZ_090705,cant_aeus,-1,-1;AEU "AEU" true true false 4 Long 0 10 ,First,#,MZ_090705,AEU,-1,-1;LLAVE_MZS "LLAVE_MZS" true true false 20 Text 0 0 ,First,#,MZ_090705,LLAVE_MZS,-1,-1;FALSO_COD "FALSO_COD" true true false 4 Long 0 10 ,First,#,MZ_090705,FALSO_COD,-1,-1;MZS_COND "MZS_COND" true true false 4 Long 0 10 ,First,#,MZ_090705,MZS_COND,-1,-1;CANT_BLOCK "CANT_BLOCK" true true false 4 Long 0 10 ,First,#,MZ_090705,CANT_BLOCK,-1,-1;FEC_CARGA "FEC_CARGA" true true false 36 Date 0 0 ,First,#;FLAG_DESAS "FLAG_DESAS" true true false 4 Long 0 10 ,First,#;COD_DESAS "COD_DESAS" true true false 4 Long 0 10 ,First,#;IDMANZANA "IDMANZANA" true true false 15 Text 0 0 ,First,#;FLAG_DESAS_2 "FLAG_DESAS_2" true true false 4 Long 0 10 ,First,#;FECHA_CARGA "FECHA_CARGA" true true false 36 Date 0 0 ,First,#;GlobalID "GlobalID" false false false 38 GlobalID 0 0 ,First,#;created_user "created_user" false true false 255 Text 0 0 ,First,#;created_date "created_date" false true false 36 Date 0 0 ,First,#;last_edited_user "last_edited_user" false true false 255 Text 0 0 ,First,#;last_edited_date "last_edited_date" false true false 36 Date 0 0 ,First,#;Shape.STArea() "Shape.STArea()" false false true 0 Double 0 0 ,First,#;Shape.STLength() "Shape.STLength()" false false true 0 Double 0 0 ,First,#" #</Process><Process ToolSource="c:\program files (x86)\arcgis\desktop10.3\ArcToolbox\Toolboxes\Data Management Tools.tbx\Append" Date="20170821" Time="173812">Append mz_090304 CPV_SEGMENTACION_GDB.SDE.TB_MANZANA NO_TEST "UBIGEO "UBIGEO" true true false 6 Text 0 0 ,First,#,mz_090304,UBIGEO,-1,-1;CODCCPP "CODCCPP" true true false 4 Text 0 0 ,First,#,mz_090304,CODCCPP,-1,-1;ZONA "ZONA" true true false 5 Text 0 0 ,First,#,mz_090304,ZONA,-1,-1;MANZANA "MANZANA" true true false 4 Text 0 0 ,First,#,mz_090304,MANZANA,-1,-1;VIV_MZ "VIV_MZ" true true false 4 Long 0 10 ,First,#,mz_090304,VIV_MZ,-1,-1;xCentroid "xCentroid" true true false 8 Double 11 18 ,First,#,mz_090304,xCentroid,-1,-1;yCentroid "yCentroid" true true false 8 Double 11 18 ,First,#,mz_090304,yCentroid,-1,-1;cant_aeus "cant_aeus" true true false 4 Long 0 10 ,First,#,mz_090304,cant_aeus,-1,-1;AEU "AEU" true true false 4 Long 0 10 ,First,#,mz_090304,AEU,-1,-1;LLAVE_MZS "LLAVE_MZS" true true false 20 Text 0 0 ,First,#,mz_090304,LLAVE_MZS,-1,-1;FALSO_COD "FALSO_COD" true true false 4 Long 0 10 ,First,#,mz_090304,FALSO_COD,-1,-1;MZS_COND "MZS_COND" true true false 4 Long 0 10 ,First,#,mz_090304,MZS_COND,-1,-1;CANT_BLOCK "CANT_BLOCK" true true false 4 Long 0 10 ,First,#,mz_090304,CANT_BLOCK,-1,-1;FEC_CARGA "FEC_CARGA" true true false 36 Date 0 0 ,First,#;FLAG_DESAS "FLAG_DESAS" true true false 4 Long 0 10 ,First,#;COD_DESAS "COD_DESAS" true true false 4 Long 0 10 ,First,#;IDMANZANA "IDMANZANA" true true false 15 Text 0 0 ,First,#;FLAG_DESAS_2 "FLAG_DESAS_2" true true false 4 Long 0 10 ,First,#;FECHA_CARGA "FECHA_CARGA" true true false 36 Date 0 0 ,First,#;GlobalID "GlobalID" false false false 38 GlobalID 0 0 ,First,#;created_user "created_user" false true false 255 Text 0 0 ,First,#;created_date "created_date" false true false 36 Date 0 0 ,First,#;last_edited_user "last_edited_user" false true false 255 Text 0 0 ,First,#;last_edited_date "last_edited_date" false true false 36 Date 0 0 ,First,#;Shape.STArea() "Shape.STArea()" false false true 0 Double 0 0 ,First,#;Shape.STLength() "Shape.STLength()" false false true 0 Double 0 0 ,First,#" #</Process><Process ToolSource="c:\program files (x86)\arcgis\desktop10.3\ArcToolbox\Toolboxes\Data Management Tools.tbx\CalculateField" Date="20170824" Time="120520">CalculateField CPV_SEGMENTACION_GDB.SDE.TB_MANZANA MANZANA "068" VB #</Process><Process ToolSource="c:\program files (x86)\arcgis\desktop10.3\ArcToolbox\Toolboxes\Data Management Tools.tbx\CalculateField" Date="20170824" Time="120532">CalculateField CPV_SEGMENTACION_GDB.SDE.TB_MANZANA MANZANA "067" VB #</Process><Process ToolSource="c:\program files (x86)\arcgis\desktop10.3\ArcToolbox\Toolboxes\Data Management Tools.tbx\CalculateField" Date="20170824" Time="120637">CalculateField CPV_SEGMENTACION_GDB.SDE.TB_MANZANA MANZANA "035T" VB #</Process><Process ToolSource="c:\program files (x86)\arcgis\desktop10.3\ArcToolbox\Toolboxes\Data Management Tools.tbx\CalculateField" Date="20170824" Time="120646">CalculateField CPV_SEGMENTACION_GDB.SDE.TB_MANZANA MANZANA "035S" VB #</Process><Process ToolSource="c:\program files (x86)\arcgis\desktop10.3\ArcToolbox\Toolboxes\Data Management Tools.tbx\CalculateField" Date="20170824" Time="120757">CalculateField CPV_SEGMENTACION_GDB.SDE.TB_MANZANA MANZANA "035Q" VB #</Process><Process ToolSource="c:\program files (x86)\arcgis\desktop10.3\ArcToolbox\Toolboxes\Data Management Tools.tbx\CalculateField" Date="20170824" Time="120811">CalculateField CPV_SEGMENTACION_GDB.SDE.TB_MANZANA MANZANA "035Q" VB #</Process><Process ToolSource="c:\program files (x86)\arcgis\desktop10.3\ArcToolbox\Toolboxes\Data Management Tools.tbx\CalculateField" Date="20170824" Time="120820">CalculateField CPV_SEGMENTACION_GDB.SDE.TB_MANZANA MANZANA "035R" VB #</Process><Process ToolSource="c:\program files (x86)\arcgis\desktop10.3\ArcToolbox\Toolboxes\Data Management Tools.tbx\CalculateField" Date="20170824" Time="121043">CalculateField CPV_SEGMENTACION_GDB.SDE.TB_MANZANA MANZANA "012C" VB #</Process><Process ToolSource="c:\program files (x86)\arcgis\desktop10.3\ArcToolbox\Toolboxes\Data Management Tools.tbx\CalculateField" Date="20170824" Time="121054">CalculateField CPV_SEGMENTACION_GDB.SDE.TB_MANZANA MANZANA "012E" VB #</Process><Process ToolSource="c:\program files (x86)\arcgis\desktop10.3\ArcToolbox\Toolboxes\Data Management Tools.tbx\CalculateField" Date="20170824" Time="121112">CalculateField CPV_SEGMENTACION_GDB.SDE.TB_MANZANA MANZANA "012F" VB #</Process><Process ToolSource="c:\program files (x86)\arcgis\desktop10.3\ArcToolbox\Toolboxes\Data Management Tools.tbx\CalculateField" Date="20170824" Time="121121">CalculateField CPV_SEGMENTACION_GDB.SDE.TB_MANZANA MANZANA "012D" VB #</Process><Process ToolSource="c:\program files (x86)\arcgis\desktop10.3\ArcToolbox\Toolboxes\Data Management Tools.tbx\DeleteRows" Date="20170825" Time="161312">DeleteRows CPV_SEGMENTACION_GDB.SDE.TB_MANZANA</Process><Process ToolSource="c:\program files (x86)\arcgis\desktop10.3\ArcToolbox\Toolboxes\Data Management Tools.tbx\Append" Date="20170825" Time="170935">Append Manzana_seudocodigo CPV_SEGMENTACION_GDB.SDE.TB_MANZANA NO_TEST "UBIGEO "UBIGEO" true true false 6 Text 0 0 ,First,#,Manzana_seudocodigo,UBIGEO,-1,-1;CODCCPP "CODCCPP" true true false 4 Text 0 0 ,First,#,Manzana_seudocodigo,CODCCPP,-1,-1;ZONA "ZONA" true true false 5 Text 0 0 ,First,#,Manzana_seudocodigo,ZONA,-1,-1;MANZANA "MANZANA" true true false 4 Text 0 0 ,First,#,Manzana_seudocodigo,MANZANA,-1,-1;VIV_MZ "VIV_MZ" true true false 4 Long 0 10 ,First,#;xCentroid "xCentroid" true true false 8 Double 11 18 ,First,#;yCentroid "yCentroid" true true false 8 Double 11 18 ,First,#;cant_aeus "cant_aeus" true true false 4 Long 0 10 ,First,#;AEU "AEU" true true false 4 Long 0 10 ,First,#;LLAVE_MZS "LLAVE_MZS" true true false 20 Text 0 0 ,First,#,Manzana_seudocodigo,LLAVE_MZS,-1,-1;FALSO_COD "FALSO_COD" true true false 4 Long 0 10 ,First,#,Manzana_seudocodigo,FALSO_COD,-1,-1;MZS_COND "MZS_COND" true true false 4 Long 0 10 ,First,#;CANT_BLOCK "CANT_BLOCK" true true false 4 Long 0 10 ,First,#;FEC_CARGA "FEC_CARGA" true true false 36 Date 0 0 ,First,#;FLAG_DESAS "FLAG_DESAS" true true false 4 Long 0 10 ,First,#;COD_DESAS "COD_DESAS" true true false 4 Long 0 10 ,First,#;IDMANZANA "IDMANZANA" true true false 15 Text 0 0 ,First,#;FLAG_DESAS_2 "FLAG_DESAS_2" true true false 4 Long 0 10 ,First,#;FECHA_CARGA "FECHA_CARGA" true true false 36 Date 0 0 ,First,#;GlobalID "GlobalID" false false false 38 GlobalID 0 0 ,First,#;created_user "created_user" false true false 255 Text 0 0 ,First,#;created_date "created_date" false true false 36 Date 0 0 ,First,#;last_edited_user "last_edited_user" false true false 255 Text 0 0 ,First,#;last_edited_date "last_edited_date" false true false 36 Date 0 0 ,First,#;Shape.STArea() "Shape.STArea()" false false true 0 Double 0 0 ,First,#;Shape.STLength() "Shape.STLength()" false false true 0 Double 0 0 ,First,#" #</Process><Process ToolSource="c:\program files (x86)\arcgis\desktop10.3\ArcToolbox\Toolboxes\Data Management Tools.tbx\DeleteRows" Date="20170825" Time="184704">DeleteRows CPV_SEGMENTACION_GDB.SDE.TB_MANZANA</Process><Process ToolSource="c:\program files (x86)\arcgis\desktop10.3\ArcToolbox\Toolboxes\Data Management Tools.tbx\Append" Date="20170825" Time="184746">Append MANZANA_seudo_44 CPV_SEGMENTACION_GDB.SDE.TB_MANZANA NO_TEST "UBIGEO "UBIGEO" true true false 6 Text 0 0 ,First,#,MANZANA_seudo_44,UBIGEO,-1,-1;CODCCPP "CODCCPP" true true false 4 Text 0 0 ,First,#,MANZANA_seudo_44,CODCCPP,-1,-1;ZONA "ZONA" true true false 5 Text 0 0 ,First,#,MANZANA_seudo_44,ZONA,-1,-1;MANZANA "MANZANA" true true false 4 Text 0 0 ,First,#,MANZANA_seudo_44,MANZANA,-1,-1;VIV_MZ "VIV_MZ" true true false 4 Long 0 10 ,First,#;xCentroid "xCentroid" true true false 8 Double 11 18 ,First,#;yCentroid "yCentroid" true true false 8 Double 11 18 ,First,#;cant_aeus "cant_aeus" true true false 4 Long 0 10 ,First,#;AEU "AEU" true true false 4 Long 0 10 ,First,#;LLAVE_MZS "LLAVE_MZS" true true false 20 Text 0 0 ,First,#,MANZANA_seudo_44,LLAVE_MZS,-1,-1;FALSO_COD "FALSO_COD" true true false 4 Long 0 10 ,First,#,MANZANA_seudo_44,FALSO_COD,-1,-1;MZS_COND "MZS_COND" true true false 4 Long 0 10 ,First,#;CANT_BLOCK "CANT_BLOCK" true true false 4 Long 0 10 ,First,#;FEC_CARGA "FEC_CARGA" true true false 36 Date 0 0 ,First,#;FLAG_DESAS "FLAG_DESAS" true true false 4 Long 0 10 ,First,#;COD_DESAS "COD_DESAS" true true false 4 Long 0 10 ,First,#;IDMANZANA "IDMANZANA" true true false 15 Text 0 0 ,First,#,MANZANA_seudo_44,IDMANZANA,-1,-1;FLAG_DESAS_2 "FLAG_DESAS_2" true true false 4 Long 0 10 ,First,#;FECHA_CARGA "FECHA_CARGA" true true false 36 Date 0 0 ,First,#;GlobalID "GlobalID" false false false 38 GlobalID 0 0 ,First,#;created_user "created_user" false true false 255 Text 0 0 ,First,#;created_date "created_date" false true false 36 Date 0 0 ,First,#;last_edited_user "last_edited_user" false true false 255 Text 0 0 ,First,#;last_edited_date "last_edited_date" false true false 36 Date 0 0 ,First,#;Shape.STArea() "Shape.STArea()" false false true 0 Double 0 0 ,First,#;Shape.STLength() "Shape.STLength()" false false true 0 Double 0 0 ,First,#" #</Process><Process ToolSource="c:\program files (x86)\arcgis\desktop10.3\ArcToolbox\Toolboxes\Data Management Tools.tbx\DeleteRows" Date="20170828" Time="090431">DeleteRows CPV_SEGMENTACION_GDB.SDE.TB_MANZANA</Process><Process ToolSource="c:\program files (x86)\arcgis\desktop10.3\ArcToolbox\Toolboxes\Data Management Tools.tbx\Append" Date="20170828" Time="090458">Append MZ_SEUDOCODIGO_120403 CPV_SEGMENTACION_GDB.SDE.TB_MANZANA NO_TEST "UBIGEO "UBIGEO" true true false 6 Text 0 0 ,First,#,MZ_SEUDOCODIGO_120403,UBIGEO,-1,-1;CODCCPP "CODCCPP" true true false 4 Text 0 0 ,First,#,MZ_SEUDOCODIGO_120403,CODCCPP,-1,-1;ZONA "ZONA" true true false 5 Text 0 0 ,First,#,MZ_SEUDOCODIGO_120403,ZONA,-1,-1;MANZANA "MANZANA" true true false 4 Text 0 0 ,First,#,MZ_SEUDOCODIGO_120403,MANZANA,-1,-1;VIV_MZ "VIV_MZ" true true false 4 Long 0 10 ,First,#;xCentroid "xCentroid" true true false 8 Double 11 18 ,First,#;yCentroid "yCentroid" true true false 8 Double 11 18 ,First,#;cant_aeus "cant_aeus" true true false 4 Long 0 10 ,First,#;AEU "AEU" true true false 4 Long 0 10 ,First,#;LLAVE_MZS "LLAVE_MZS" true true false 20 Text 0 0 ,First,#,MZ_SEUDOCODIGO_120403,LLAVE_MZS,-1,-1;FALSO_COD "FALSO_COD" true true false 4 Long 0 10 ,First,#,MZ_SEUDOCODIGO_120403,FALSO_COD,-1,-1;MZS_COND "MZS_COND" true true false 4 Long 0 10 ,First,#;CANT_BLOCK "CANT_BLOCK" true true false 4 Long 0 10 ,First,#;FEC_CARGA "FEC_CARGA" true true false 36 Date 0 0 ,First,#;FLAG_DESAS "FLAG_DESAS" true true false 4 Long 0 10 ,First,#;COD_DESAS "COD_DESAS" true true false 4 Long 0 10 ,First,#;IDMANZANA "IDMANZANA" true true false 15 Text 0 0 ,First,#,MZ_SEUDOCODIGO_120403,IDMANZANA,-1,-1;FLAG_DESAS_2 "FLAG_DESAS_2" true true false 4 Long 0 10 ,First,#;FECHA_CARGA "FECHA_CARGA" true true false 36 Date 0 0 ,First,#;GlobalID "GlobalID" false false false 38 GlobalID 0 0 ,First,#;created_user "created_user" false true false 255 Text 0 0 ,First,#;created_date "created_date" false true false 36 Date 0 0 ,First,#;last_edited_user "last_edited_user" false true false 255 Text 0 0 ,First,#;last_edited_date "last_edited_date" false true false 36 Date 0 0 ,First,#;Shape.STArea() "Shape.STArea()" false false true 0 Double 0 0 ,First,#;Shape.STLength() "Shape.STLength()" false false true 0 Double 0 0 ,First,#" #</Process><Process ToolSource="c:\program files (x86)\arcgis\desktop10.3\ArcToolbox\Toolboxes\Data Management Tools.tbx\DeleteRows" Date="20170828" Time="123723">DeleteRows CPV_SEGMENTACION_GDB.SDE.TB_MANZANA</Process><Process ToolSource="c:\program files (x86)\arcgis\desktop10.3\ArcToolbox\Toolboxes\Data Management Tools.tbx\Append" Date="20170828" Time="123847">Append MZ_SEUDO_5 CPV_SEGMENTACION_GDB.SDE.TB_MANZANA NO_TEST "UBIGEO "UBIGEO" true true false 6 Text 0 0 ,First,#,MZ_SEUDO_5,UBIGEO,-1,-1;CODCCPP "CODCCPP" true true false 4 Text 0 0 ,First,#,MZ_SEUDO_5,CODCCPP,-1,-1;ZONA "ZONA" true true false 5 Text 0 0 ,First,#,MZ_SEUDO_5,ZONA,-1,-1;MANZANA "MANZANA" true true false 4 Text 0 0 ,First,#,MZ_SEUDO_5,MANZANA,-1,-1;VIV_MZ "VIV_MZ" true true false 4 Long 0 10 ,First,#;xCentroid "xCentroid" true true false 8 Double 11 18 ,First,#;yCentroid "yCentroid" true true false 8 Double 11 18 ,First,#;cant_aeus "cant_aeus" true true false 4 Long 0 10 ,First,#;AEU "AEU" true true false 4 Long 0 10 ,First,#;LLAVE_MZS "LLAVE_MZS" true true false 20 Text 0 0 ,First,#,MZ_SEUDO_5,LLAVE_MZS,-1,-1;FALSO_COD "FALSO_COD" true true false 4 Long 0 10 ,First,#,MZ_SEUDO_5,FALSO_COD,-1,-1;MZS_COND "MZS_COND" true true false 4 Long 0 10 ,First,#;CANT_BLOCK "CANT_BLOCK" true true false 4 Long 0 10 ,First,#;FEC_CARGA "FEC_CARGA" true true false 36 Date 0 0 ,First,#;FLAG_DESAS "FLAG_DESAS" true true false 4 Long 0 10 ,First,#;COD_DESAS "COD_DESAS" true true false 4 Long 0 10 ,First,#;IDMANZANA "IDMANZANA" true true false 15 Text 0 0 ,First,#,MZ_SEUDO_5,IDMANZANA,-1,-1;FLAG_DESAS_2 "FLAG_DESAS_2" true true false 4 Long 0 10 ,First,#;FECHA_CARGA "FECHA_CARGA" true true false 36 Date 0 0 ,First,#;GlobalID "GlobalID" false false false 38 GlobalID 0 0 ,First,#;created_user "created_user" false true false 255 Text 0 0 ,First,#;created_date "created_date" false true false 36 Date 0 0 ,First,#;last_edited_user "last_edited_user" false true false 255 Text 0 0 ,First,#;last_edited_date "last_edited_date" false true false 36 Date 0 0 ,First,#;Shape.STArea() "Shape.STArea()" false false true 0 Double 0 0 ,First,#;Shape.STLength() "Shape.STLength()" false false true 0 Double 0 0 ,First,#" #</Process><Process ToolSource="c:\program files (x86)\arcgis\desktop10.3\ArcToolbox\Toolboxes\Data Management Tools.tbx\DeleteRows" Date="20170829" Time="151006">DeleteRows CPV_SEGMENTACION_GDB.SDE.TB_MANZANA</Process><Process ToolSource="c:\program files (x86)\arcgis\desktop10.3\ArcToolbox\Toolboxes\Data Management Tools.tbx\Append" Date="20170829" Time="151116">Append Export_Output_6 CPV_SEGMENTACION_GDB.SDE.TB_MANZANA NO_TEST "UBIGEO "UBIGEO" true true false 6 Text 0 0 ,First,#,Export_Output_6,UBIGEO,-1,-1;CODCCPP "CODCCPP" true true false 4 Text 0 0 ,First,#,Export_Output_6,CODCCPP,-1,-1;ZONA "ZONA" true true false 5 Text 0 0 ,First,#,Export_Output_6,ZONA,-1,-1;MANZANA "MANZANA" true true false 4 Text 0 0 ,First,#,Export_Output_6,MANZANA,-1,-1;VIV_MZ "VIV_MZ" true true false 4 Long 0 10 ,First,#;xCentroid "xCentroid" true true false 8 Double 11 18 ,First,#;yCentroid "yCentroid" true true false 8 Double 11 18 ,First,#;cant_aeus "cant_aeus" true true false 4 Long 0 10 ,First,#;AEU "AEU" true true false 4 Long 0 10 ,First,#;LLAVE_MZS "LLAVE_MZS" true true false 20 Text 0 0 ,First,#,Export_Output_6,LLAVE_MZS,-1,-1;FALSO_COD "FALSO_COD" true true false 4 Long 0 10 ,First,#,Export_Output_6,FALSO_COD,-1,-1;MZS_COND "MZS_COND" true true false 4 Long 0 10 ,First,#;CANT_BLOCK "CANT_BLOCK" true true false 4 Long 0 10 ,First,#;FEC_CARGA "FEC_CARGA" true true false 36 Date 0 0 ,First,#;FLAG_DESAS "FLAG_DESAS" true true false 4 Long 0 10 ,First,#;COD_DESAS "COD_DESAS" true true false 4 Long 0 10 ,First,#;IDMANZANA "IDMANZANA" true true false 15 Text 0 0 ,First,#,Export_Output_6,IDMANZANA,-1,-1;FLAG_DESAS_2 "FLAG_DESAS_2" true true false 4 Long 0 10 ,First,#;FECHA_CARGA "FECHA_CARGA" true true false 36 Date 0 0 ,First,#;GlobalID "GlobalID" false false false 38 GlobalID 0 0 ,First,#;created_user "created_user" false true false 255 Text 0 0 ,First,#;created_date "created_date" false true false 36 Date 0 0 ,First,#;last_edited_user "last_edited_user" false true false 255 Text 0 0 ,First,#;last_edited_date "last_edited_date" false true false 36 Date 0 0 ,First,#;Shape.STArea() "Shape.STArea()" false false true 0 Double 0 0 ,First,#;Shape.STLength() "Shape.STLength()" false false true 0 Double 0 0 ,First,#" #</Process><Process ToolSource="c:\program files (x86)\arcgis\desktop10.3\ArcToolbox\Toolboxes\Data Management Tools.tbx\DeleteRows" Date="20170829" Time="202102">DeleteRows CPV_SEGMENTACION_GDB.SDE.TB_MANZANA</Process><Process ToolSource="c:\program files (x86)\arcgis\desktop10.3\ArcToolbox\Toolboxes\Data Management Tools.tbx\Append" Date="20170830" Time="100423">Append seudocodigo_6 CPV_SEGMENTACION_GDB.SDE.TB_MANZANA NO_TEST "UBIGEO "UBIGEO" true true false 6 Text 0 0 ,First,#,seudocodigo_6,UBIGEO,-1,-1;CODCCPP "CODCCPP" true true false 4 Text 0 0 ,First,#,seudocodigo_6,CODCCPP,-1,-1;ZONA "ZONA" true true false 5 Text 0 0 ,First,#,seudocodigo_6,ZONA,-1,-1;MANZANA "MANZANA" true true false 4 Text 0 0 ,First,#,seudocodigo_6,MANZANA,-1,-1;VIV_MZ "VIV_MZ" true true false 4 Long 0 10 ,First,#;xCentroid "xCentroid" true true false 8 Double 11 18 ,First,#;yCentroid "yCentroid" true true false 8 Double 11 18 ,First,#;cant_aeus "cant_aeus" true true false 4 Long 0 10 ,First,#;AEU "AEU" true true false 4 Long 0 10 ,First,#;LLAVE_MZS "LLAVE_MZS" true true false 20 Text 0 0 ,First,#,seudocodigo_6,LLAVE_MZS,-1,-1;FALSO_COD "FALSO_COD" true true false 4 Long 0 10 ,First,#,seudocodigo_6,FALSO_COD,-1,-1;MZS_COND "MZS_COND" true true false 4 Long 0 10 ,First,#;CANT_BLOCK "CANT_BLOCK" true true false 4 Long 0 10 ,First,#;FEC_CARGA "FEC_CARGA" true true false 36 Date 0 0 ,First,#;FLAG_DESAS "FLAG_DESAS" true true false 4 Long 0 10 ,First,#;COD_DESAS "COD_DESAS" true true false 4 Long 0 10 ,First,#;IDMANZANA "IDMANZANA" true true false 15 Text 0 0 ,First,#,seudocodigo_6,IDMANZANA,-1,-1;FLAG_DESAS_2 "FLAG_DESAS_2" true true false 4 Long 0 10 ,First,#;FECHA_CARGA "FECHA_CARGA" true true false 36 Date 0 0 ,First,#;GlobalID "GlobalID" false false false 38 GlobalID 0 0 ,First,#;created_user "created_user" false true false 255 Text 0 0 ,First,#;created_date "created_date" false true false 36 Date 0 0 ,First,#;last_edited_user "last_edited_user" false true false 255 Text 0 0 ,First,#;last_edited_date "last_edited_date" false true false 36 Date 0 0 ,First,#;Shape.STArea() "Shape.STArea()" false false true 0 Double 0 0 ,First,#;Shape.STLength() "Shape.STLength()" false false true 0 Double 0 0 ,First,#" #</Process><Process ToolSource="c:\program files (x86)\arcgis\desktop10.3\ArcToolbox\Toolboxes\Data Management Tools.tbx\DeleteRows" Date="20170830" Time="111957">DeleteRows CPV_SEGMENTACION_GDB.SDE.TB_MANZANA</Process><Process ToolSource="c:\program files (x86)\arcgis\desktop10.3\ArcToolbox\Toolboxes\Data Management Tools.tbx\Append" Date="20170830" Time="112510">Append PERU_MZ_SEUDO_CODIGO CPV_SEGMENTACION_GDB.SDE.TB_MANZANA NO_TEST "UBIGEO "UBIGEO" true true false 6 Text 0 0 ,First,#,PERU_MZ_SEUDO_CODIGO,UBIGEO,-1,-1;CODCCPP "CODCCPP" true true false 4 Text 0 0 ,First,#,PERU_MZ_SEUDO_CODIGO,CODCCPP,-1,-1;ZONA "ZONA" true true false 5 Text 0 0 ,First,#,PERU_MZ_SEUDO_CODIGO,ZONA,-1,-1;MANZANA "MANZANA" true true false 4 Text 0 0 ,First,#,PERU_MZ_SEUDO_CODIGO,MANZANA,-1,-1;VIV_MZ "VIV_MZ" true true false 4 Long 0 10 ,First,#;xCentroid "xCentroid" true true false 8 Double 11 18 ,First,#;yCentroid "yCentroid" true true false 8 Double 11 18 ,First,#;cant_aeus "cant_aeus" true true false 4 Long 0 10 ,First,#;AEU "AEU" true true false 4 Long 0 10 ,First,#;LLAVE_MZS "LLAVE_MZS" true true false 20 Text 0 0 ,First,#,PERU_MZ_SEUDO_CODIGO,LLAVE_MZS,-1,-1;FALSO_COD "FALSO_COD" true true false 4 Long 0 10 ,First,#,PERU_MZ_SEUDO_CODIGO,FALSO_COD,-1,-1;MZS_COND "MZS_COND" true true false 4 Long 0 10 ,First,#;CANT_BLOCK "CANT_BLOCK" true true false 4 Long 0 10 ,First,#;FEC_CARGA "FEC_CARGA" true true false 36 Date 0 0 ,First,#;FLAG_DESAS "FLAG_DESAS" true true false 4 Long 0 10 ,First,#;COD_DESAS "COD_DESAS" true true false 4 Long 0 10 ,First,#;IDMANZANA "IDMANZANA" true true false 15 Text 0 0 ,First,#,PERU_MZ_SEUDO_CODIGO,IDMANZANA,-1,-1;FLAG_DESAS_2 "FLAG_DESAS_2" true true false 4 Long 0 10 ,First,#;FECHA_CARGA "FECHA_CARGA" true true false 36 Date 0 0 ,First,#;GlobalID "GlobalID" false false false 38 GlobalID 0 0 ,First,#;created_user "created_user" false true false 255 Text 0 0 ,First,#;created_date "created_date" false true false 36 Date 0 0 ,First,#;last_edited_user "last_edited_user" false true false 255 Text 0 0 ,First,#;last_edited_date "last_edited_date" false true false 36 Date 0 0 ,First,#;Shape.STArea() "Shape.STArea()" false false true 0 Double 0 0 ,First,#;Shape.STLength() "Shape.STLength()" false false true 0 Double 0 0 ,First,#" #</Process><Process ToolSource="c:\program files (x86)\arcgis\desktop10.3\ArcToolbox\Toolboxes\Data Management Tools.tbx\CalculateField" Date="20170831" Time="160644">CalculateField CPV_SEGMENTACION_GDB.SDE.TB_MANZANA CODCCPP "0144" VB #</Process><Process ToolSource="c:\program files (x86)\arcgis\desktop10.3\ArcToolbox\Toolboxes\Data Management Tools.tbx\CalculateField" Date="20170831" Time="160749">CalculateField CPV_SEGMENTACION_GDB.SDE.TB_MANZANA CODCCPP "0019" VB #</Process><Process ToolSource="c:\program files (x86)\arcgis\desktop10.3\ArcToolbox\Toolboxes\Data Management Tools.tbx\DeleteRows" Date="20170901" Time="145042">DeleteRows CPV_SEGMENTACION_GDB.SDE.TB_MANZANA</Process><Process ToolSource="c:\program files (x86)\arcgis\desktop10.3\ArcToolbox\Toolboxes\Data Management Tools.tbx\Append" Date="20170901" Time="145309">Append MZ_150131SEUDO CPV_SEGMENTACION_GDB.SDE.TB_MANZANA NO_TEST "UBIGEO "UBIGEO" true true false 6 Text 0 0 ,First,#,MZ_150131SEUDO,UBIGEO,-1,-1;CODCCPP "CODCCPP" true true false 4 Text 0 0 ,First,#,MZ_150131SEUDO,CODCCPP,-1,-1;ZONA "ZONA" true true false 5 Text 0 0 ,First,#,MZ_150131SEUDO,ZONA,-1,-1;MANZANA "MANZANA" true true false 4 Text 0 0 ,First,#,MZ_150131SEUDO,MANZANA,-1,-1;VIV_MZ "VIV_MZ" true true false 4 Long 0 10 ,First,#;xCentroid "xCentroid" true true false 8 Double 11 18 ,First,#;yCentroid "yCentroid" true true false 8 Double 11 18 ,First,#;cant_aeus "cant_aeus" true true false 4 Long 0 10 ,First,#;AEU "AEU" true true false 4 Long 0 10 ,First,#;LLAVE_MZS "LLAVE_MZS" true true false 20 Text 0 0 ,First,#,MZ_150131SEUDO,LLAVE_MZS,-1,-1;FALSO_COD "FALSO_COD" true true false 4 Long 0 10 ,First,#,MZ_150131SEUDO,FALSO_COD,-1,-1;MZS_COND "MZS_COND" true true false 4 Long 0 10 ,First,#;CANT_BLOCK "CANT_BLOCK" true true false 4 Long 0 10 ,First,#;FEC_CARGA "FEC_CARGA" true true false 36 Date 0 0 ,First,#;FLAG_DESAS "FLAG_DESAS" true true false 4 Long 0 10 ,First,#;COD_DESAS "COD_DESAS" true true false 4 Long 0 10 ,First,#;IDMANZANA "IDMANZANA" true true false 15 Text 0 0 ,First,#,MZ_150131SEUDO,IDMANZANA,-1,-1;FLAG_DESAS_2 "FLAG_DESAS_2" true true false 4 Long 0 10 ,First,#;FECHA_CARGA "FECHA_CARGA" true true false 36 Date 0 0 ,First,#;GlobalID "GlobalID" false false false 38 GlobalID 0 0 ,First,#;created_user "created_user" false true false 255 Text 0 0 ,First,#;created_date "created_date" false true false 36 Date 0 0 ,First,#;last_edited_user "last_edited_user" false true false 255 Text 0 0 ,First,#;last_edited_date "last_edited_date" false true false 36 Date 0 0 ,First,#;Shape.STArea() "Shape.STArea()" false false true 0 Double 0 0 ,First,#;Shape.STLength() "Shape.STLength()" false false true 0 Double 0 0 ,First,#" #</Process><Process ToolSource="c:\program files (x86)\arcgis\desktop10.3\ArcToolbox\Toolboxes\Data Management Tools.tbx\CalculateField" Date="20170904" Time="154520">CalculateField CPV_SEGMENTACION_GDB.SDE.TB_MANZANA CODCCPP "0001" VB #</Process><Process ToolSource="c:\program files (x86)\arcgis\desktop10.3\ArcToolbox\Toolboxes\Data Management Tools.tbx\CalculateField" Date="20170907" Time="095650">CalculateField CPV_SEGMENTACION_GDB.SDE.TB_MANZANA FALSO_COD "[FALSO_COD] -1" VB #</Process><Process ToolSource="c:\program files (x86)\arcgis\desktop10.3\ArcToolbox\Toolboxes\Data Management Tools.tbx\DeleteRows" Date="20170907" Time="105537">DeleteRows CPV_SEGMENTACION_GDB.SDE.TB_MANZANA</Process><Process ToolSource="c:\program files (x86)\arcgis\desktop10.3\ArcToolbox\Toolboxes\Data Management Tools.tbx\Append" Date="20170907" Time="105636">Append zona_01001 CPV_SEGMENTACION_GDB.SDE.TB_MANZANA NO_TEST "UBIGEO "UBIGEO" true true false 6 Text 0 0 ,First,#,zona_01001,UBIGEO,-1,-1;CODCCPP "CODCCPP" true true false 4 Text 0 0 ,First,#,zona_01001,CODCCPP,-1,-1;ZONA "ZONA" true true false 5 Text 0 0 ,First,#,zona_01001,ZONA,-1,-1;MANZANA "MANZANA" true true false 4 Text 0 0 ,First,#,zona_01001,MANZANA,-1,-1;VIV_MZ "VIV_MZ" true true false 4 Long 0 10 ,First,#,zona_01001,VIV_MZ,-1,-1;xCentroid "xCentroid" true true false 8 Double 11 18 ,First,#,zona_01001,xCentroid,-1,-1;yCentroid "yCentroid" true true false 8 Double 11 18 ,First,#,zona_01001,yCentroid,-1,-1;cant_aeus "cant_aeus" true true false 4 Long 0 10 ,First,#,zona_01001,cant_aeus,-1,-1;AEU "AEU" true true false 4 Long 0 10 ,First,#,zona_01001,AEU,-1,-1;LLAVE_MZS "LLAVE_MZS" true true false 20 Text 0 0 ,First,#,zona_01001,LLAVE_MZS,-1,-1;FALSO_COD "FALSO_COD" true true false 4 Long 0 10 ,First,#,zona_01001,FALSO_COD,-1,-1;MZS_COND "MZS_COND" true true false 4 Long 0 10 ,First,#,zona_01001,MZS_COND,-1,-1;CANT_BLOCK "CANT_BLOCK" true true false 4 Long 0 10 ,First,#,zona_01001,CANT_BLOCK,-1,-1;FEC_CARGA "FEC_CARGA" true true false 36 Date 0 0 ,First,#;FLAG_DESAS "FLAG_DESAS" true true false 4 Long 0 10 ,First,#;COD_DESAS "COD_DESAS" true true false 4 Long 0 10 ,First,#;IDMANZANA "IDMANZANA" true true false 15 Text 0 0 ,First,#;FLAG_DESAS_2 "FLAG_DESAS_2" true true false 4 Long 0 10 ,First,#;FECHA_CARGA "FECHA_CARGA" true true false 36 Date 0 0 ,First,#;GlobalID "GlobalID" false false false 38 GlobalID 0 0 ,First,#;created_user "created_user" false true false 255 Text 0 0 ,First,#;created_date "created_date" false true false 36 Date 0 0 ,First,#;last_edited_user "last_edited_user" false true false 255 Text 0 0 ,First,#;last_edited_date "last_edited_date" false true false 36 Date 0 0 ,First,#;FLAG_NUEVO "FLAG_NUEVO" true true false 2 Short 0 5 ,First,#;Shape.STArea() "Shape.STArea()" false false true 0 Double 0 0 ,First,#;Shape.STLength() "Shape.STLength()" false false true 0 Double 0 0 ,First,#" #</Process><Process ToolSource="c:\program files (x86)\arcgis\desktop10.3\ArcToolbox\Toolboxes\Data Management Tools.tbx\CalculateField" Date="20170907" Time="165714">CalculateField CPV_SEGMENTACION_GDB.SDE.TB_MANZANA MANZANA Left( [MANZANA],3 ) VB #</Process><Process ToolSource="c:\program files (x86)\arcgis\desktop10.3\ArcToolbox\Toolboxes\Data Management Tools.tbx\CalculateField" Date="20170907" Time="171328">CalculateField CPV_SEGMENTACION_GDB.SDE.TB_MANZANA MANZANA "052C" VB #</Process><Process ToolSource="c:\program files (x86)\arcgis\desktop10.3\ArcToolbox\Toolboxes\Data Management Tools.tbx\CalculateField" Date="20170907" Time="171338">CalculateField CPV_SEGMENTACION_GDB.SDE.TB_MANZANA MANZANA "052D" VB #</Process><Process ToolSource="c:\program files (x86)\arcgis\desktop10.3\ArcToolbox\Toolboxes\Data Management Tools.tbx\CalculateField" Date="20170908" Time="083202">CalculateField CPV_SEGMENTACION_GDB.SDE.TB_MANZANA FALSO_COD "71" VB #</Process><Process ToolSource="c:\program files (x86)\arcgis\desktop10.3\ArcToolbox\Toolboxes\Data Management Tools.tbx\CalculateField" Date="20170908" Time="083221">CalculateField CPV_SEGMENTACION_GDB.SDE.TB_MANZANA FALSO_COD "72" VB #</Process><Process ToolSource="c:\program files (x86)\arcgis\desktop10.3\ArcToolbox\Toolboxes\Data Management Tools.tbx\CalculateField" Date="20170908" Time="083241">CalculateField CPV_SEGMENTACION_GDB.SDE.TB_MANZANA FALSO_COD "[FALSO_COD] + 1" VB #</Process><Process ToolSource="c:\program files (x86)\arcgis\desktop10.3\ArcToolbox\Toolboxes\Data Management Tools.tbx\CalculateField" Date="20170908" Time="083533">CalculateField CPV_SEGMENTACION_GDB.SDE.TB_MANZANA FALSO_COD 70 VB #</Process><Process ToolSource="c:\program files (x86)\arcgis\desktop10.3\ArcToolbox\Toolboxes\Data Management Tools.tbx\CalculateField" Date="20170908" Time="083540">CalculateField CPV_SEGMENTACION_GDB.SDE.TB_MANZANA FALSO_COD 71 VB #</Process><Process ToolSource="c:\program files (x86)\arcgis\desktop10.3\ArcToolbox\Toolboxes\Data Management Tools.tbx\CalculateField" Date="20170908" Time="083549">CalculateField CPV_SEGMENTACION_GDB.SDE.TB_MANZANA FALSO_COD 73 VB #</Process><Process ToolSource="c:\program files (x86)\arcgis\desktop10.3\ArcToolbox\Toolboxes\Data Management Tools.tbx\CalculateField" Date="20170908" Time="083556">CalculateField CPV_SEGMENTACION_GDB.SDE.TB_MANZANA FALSO_COD 74 VB #</Process><Process ToolSource="c:\program files (x86)\arcgis\desktop10.3\ArcToolbox\Toolboxes\Data Management Tools.tbx\CalculateField" Date="20170908" Time="083603">CalculateField CPV_SEGMENTACION_GDB.SDE.TB_MANZANA FALSO_COD 75 VB #</Process><Process ToolSource="c:\program files (x86)\arcgis\desktop10.3\ArcToolbox\Toolboxes\Data Management Tools.tbx\CalculateField" Date="20170908" Time="083609">CalculateField CPV_SEGMENTACION_GDB.SDE.TB_MANZANA FALSO_COD 76 VB #</Process><Process ToolSource="c:\program files (x86)\arcgis\desktop10.3\ArcToolbox\Toolboxes\Data Management Tools.tbx\CalculateField" Date="20170908" Time="083616">CalculateField CPV_SEGMENTACION_GDB.SDE.TB_MANZANA FALSO_COD 77 VB #</Process><Process ToolSource="c:\program files (x86)\arcgis\desktop10.3\ArcToolbox\Toolboxes\Data Management Tools.tbx\CalculateField" Date="20170908" Time="083623">CalculateField CPV_SEGMENTACION_GDB.SDE.TB_MANZANA FALSO_COD 79 VB #</Process><Process ToolSource="c:\program files (x86)\arcgis\desktop10.3\ArcToolbox\Toolboxes\Data Management Tools.tbx\CalculateField" Date="20170911" Time="172933">CalculateField MARCO_MANZANA ESTADO "-1" VB #</Process><Process ToolSource="c:\program files (x86)\arcgis\desktop10.3\ArcToolbox\Toolboxes\Data Management Tools.tbx\CalculateField" Date="20170911" Time="173020">CalculateField MARCO_MANZANA ESTADO "7" VB #</Process><Process ToolSource="c:\program files (x86)\arcgis\desktop10.3\ArcToolbox\Toolboxes\Data Management Tools.tbx\CalculateField" Date="20170921" Time="101100">CalculateField MARCO_MANZANA LL_ZONA "[UBIGEO] &amp; [ZONA]" VB #</Process><Process ToolSource="c:\program files (x86)\arcgis\desktop10.2\ArcToolbox\Toolboxes\Data Management Tools.tbx\CalculateField" Date="20170924" Time="115110">CalculateField MARCO_MANZANA UBIGEO "080202" VB #</Process><Process ToolSource="c:\program files (x86)\arcgis\desktop10.2\ArcToolbox\Toolboxes\Data Management Tools.tbx\DeleteField" Date="20170924" Time="162353">DeleteField manzana OBJECTID;VIV_MZ;xCentroid;yCentroid;cant_aeus;AEU;LLAVE_MZS;MZS_COND;CANT_BLOCK;FEC_CARGA;FLAG_DESAS;COD_DESAS;IDMANZANA;FLAG_DES_1;FECHA_CARG;GlobalID;created_us;created_da;last_edite;last_edi_1;FLAG_NUEVO;Shape_STAr;Shape_STLe;Shape_Leng;Shape_Area;LL_ZONA</Process><Process ToolSource="c:\program files (x86)\arcgis\desktop10.2\ArcToolbox\Toolboxes\Data Management Tools.tbx\CalculateField" Date="20180326" Time="230559">CalculateField MARCO_MANZANA VERIFICAR "VERIFICAR" VB #</Process><Process ToolSource="c:\program files (x86)\arcgis\desktop10.2\ArcToolbox\Toolboxes\Data Management Tools.tbx\CalculateField" Date="20180326" Time="230619">CalculateField MARCO_MANZANA VERIFICAR "REV" VB #</Process><Process ToolSource="c:\program files (x86)\arcgis\desktop10.2\ArcToolbox\Toolboxes\Data Management Tools.tbx\CalculateField" Date="20180326" Time="230632">CalculateField MARCO_MANZANA VERIFICAR "OK" VB #</Process><Process ToolSource="c:\program files (x86)\arcgis\desktop10.2\ArcToolbox\Toolboxes\Data Management Tools.tbx\CalculateField" Date="20180326" Time="233259">CalculateField MARCO_MANZANA VERIFICAR "REV" VB #</Process><Process ToolSource="c:\program files (x86)\arcgis\desktop10.2\ArcToolbox\Toolboxes\Data Management Tools.tbx\CalculateField" Date="20180326" Time="233313">CalculateField MARCO_MANZANA VERIFICAR "OK" VB #</Process><Process ToolSource="c:\program files (x86)\arcgis\desktop10.2\ArcToolbox\Toolboxes\Data Management Tools.tbx\CalculateField" Date="20180326" Time="234851">CalculateField MARCO_MANZANA VERIFICAR "REV" VB #</Process><Process ToolSource="c:\program files (x86)\arcgis\desktop10.2\ArcToolbox\Toolboxes\Data Management Tools.tbx\CalculateField" Date="20180326" Time="234903">CalculateField MARCO_MANZANA VERIFICAR "OK" VB #</Process><Process ToolSource="c:\program files (x86)\arcgis\desktop10.2\ArcToolbox\Toolboxes\Data Management Tools.tbx\CalculateField" Date="20180326" Time="235332">CalculateField MARCO_MANZANA VERIFICAR "REV" VB #</Process><Process ToolSource="c:\program files (x86)\arcgis\desktop10.2\ArcToolbox\Toolboxes\Data Management Tools.tbx\CalculateField" Date="20180326" Time="235346">CalculateField MARCO_MANZANA VERIFICAR "OK" VB #</Process><Process ToolSource="c:\program files (x86)\arcgis\desktop10.2\ArcToolbox\Toolboxes\Data Management Tools.tbx\CalculateField" Date="20180327" Time="000213">CalculateField MARCO_MANZANA VERIFICAR "REV" VB #</Process><Process ToolSource="c:\program files (x86)\arcgis\desktop10.2\ArcToolbox\Toolboxes\Data Management Tools.tbx\CalculateField" Date="20180327" Time="000226">CalculateField MARCO_MANZANA VERIFICAR "OK" VB #</Process><Process ToolSource="c:\program files (x86)\arcgis\desktop10.2\ArcToolbox\Toolboxes\Data Management Tools.tbx\CalculateField" Date="20180327" Time="001155">CalculateField MARCO_MANZANA VERIFICAR "OK" VB #</Process><Process ToolSource="c:\program files (x86)\arcgis\desktop10.2\ArcToolbox\Toolboxes\Data Management Tools.tbx\CalculateField" Date="20180327" Time="220658">CalculateField MARCO_MANZANA VERIFICAR "TBJ" VB #</Process><Process ToolSource="c:\program files (x86)\arcgis\desktop10.2\ArcToolbox\Toolboxes\Data Management Tools.tbx\CalculateField" Date="20180327" Time="220856">CalculateField MARCO_MANZANA VERIFICAR "TBJ" VB #</Process><Process ToolSource="c:\program files (x86)\arcgis\desktop10.2\ArcToolbox\Toolboxes\Data Management Tools.tbx\CalculateField" Date="20180327" Time="224001">CalculateField MARCO_MANZANA VERIFICAR "TBJ" VB #</Process><Process ToolSource="c:\program files (x86)\arcgis\desktop10.2\ArcToolbox\Toolboxes\Data Management Tools.tbx\CalculateField" Date="20180327" Time="225707">CalculateField MARCO_MANZANA VERIFICAR "TBJ" VB #</Process><Process ToolSource="c:\program files (x86)\arcgis\desktop10.2\ArcToolbox\Toolboxes\Data Management Tools.tbx\CalculateField" Date="20180328" Time="232636">CalculateField MARCO_MANZANA VERIFICAR "REV" VB #</Process><Process ToolSource="c:\program files (x86)\arcgis\desktop10.2\ArcToolbox\Toolboxes\Data Management Tools.tbx\CalculateField" Date="20180328" Time="232821">CalculateField MARCO_MANZANA VERIFICAR "REV" VB #</Process><Process ToolSource="c:\program files (x86)\arcgis\desktop10.2\ArcToolbox\Toolboxes\Data Management Tools.tbx\CalculateField" Date="20180328" Time="233104">CalculateField MARCO_MANZANA VERIFICAR "REV" VB #</Process><Process ToolSource="c:\program files (x86)\arcgis\desktop10.2\ArcToolbox\Toolboxes\Data Management Tools.tbx\CalculateField" Date="20180328" Time="233324">CalculateField MARCO_MANZANA VERIFICAR "REV" VB #</Process><Process ToolSource="c:\program files (x86)\arcgis\desktop10.2\ArcToolbox\Toolboxes\Data Management Tools.tbx\CalculateField" Date="20180328" Time="233700">CalculateField MARCO_MANZANA VERIFICAR "REV" VB #</Process><Process ToolSource="c:\program files (x86)\arcgis\desktop10.2\ArcToolbox\Toolboxes\Data Management Tools.tbx\CalculateField" Date="20180328" Time="234213">CalculateField MARCO_MANZANA VERIFICAR "REV" VB #</Process><Process ToolSource="c:\program files (x86)\arcgis\desktop10.8\ArcToolbox\Toolboxes\Data Management Tools.tbx\CalculateField" Date="20250212" Time="205935">CalculateField manzana unico autoIncrement() PYTHON_9.3 "rec=0 
def autoIncrement(): 
 global rec 
 pStart = 1  
 pInterval = 1 
 if (rec == 0):  
  rec = pStart  
 else:  
  rec += pInterval  
 return rec"</Process><Process ToolSource="c:\program files (x86)\arcgis\desktop10.8\ArcToolbox\Toolboxes\Data Management Tools.tbx\CalculateField" Date="20250212" Time="210245">CalculateField manzana unico2 0 VB #</Process><Process ToolSource="c:\program files (x86)\arcgis\desktop10.8\ArcToolbox\Toolboxes\Data Management Tools.tbx\CalculateField" Date="20250212" Time="210300">CalculateField manzana unico2 autoIncrement() PYTHON_9.3 "rec=0 
def autoIncrement(): 
 global rec 
 pStart = 1  
 pInterval = 1 
 if (rec == 0):  
  rec = pStart  
 else:  
  rec += pInterval  
 return rec
"</Process><Process ToolSource="c:\program files (x86)\arcgis\desktop10.8\ArcToolbox\Toolboxes\Data Management Tools.tbx\CalculateField" Date="20250214" Time="193031">CalculateField Manzana3 ID_MANANA autoIncrement() PYTHON_9.3 "rec=0 
def autoIncrement(): 
 global rec 
 pStart = 1  
 pInterval = 1 
 if (rec == 0):  
  rec = pStart  
 else:  
  rec += pInterval  
 return rec
"</Process><Process ToolSource="c:\program files (x86)\arcgis\desktop10.8\ArcToolbox\Toolboxes\Data Management Tools.tbx\DeleteField" Date="20250214" Time="193115">DeleteField Manzana3 OBJECTID;UBIGEO;CODCCPP;ZONA;MANZANA;FALSO_COD;ESTADO;Shape_Leng;VERIFICAR;unico;unico2</Process></lineage><itemProps><itemLocation><linkage Sync="TRUE">file://\\LAPTOP-KNFPSVG5\C$\Users\Fiorella\angel\04_Data\DataSnap\DataSnap.gdb</linkage><protocol Sync="TRUE">Local Area Network</protocol></itemLocation></itemProps></DataProperties></Esri></metadata>
